{
  "audit_input": {
    "video_path": "",
    "task_goal": "make the quadruped ant move forward with a stable gait",
    "available_components": [
      "forward_velocity",
      "energy_cost",
      "alive_bonus",
      "healthy_pose",
      "contact_force_penalty",
      "forward_displacement"
    ],
    "current_weights": {
      "forward_velocity": 1.0,
      "energy_cost": 0.0,
      "alive_bonus": 0.0,
      "healthy_pose": 0.0,
      "contact_force_penalty": 0.0,
      "forward_displacement": 0.0
    },
    "frame_descriptions": null,
    "reward_log": [
      -0.42677050828933716,
      -0.6376549005508423,
      0.7588961720466614,
      1.4503695964813232,
      2.1464297771453857,
      1.9489668607711792,
      1.2022888660430908,
      0.23611000180244446,
      0.5324497818946838,
      1.1096829175949097,
      1.5972213745117188,
      1.2405352592468262,
      1.199819564819336,
      1.485977053642273,
      1.4165617227554321,
      0.44789907336235046,
      0.7740873694419861,
      1.1264561414718628,
      1.502899169921875,
      1.4486452341079712,
      1.3135432004928589,
      1.3486038446426392,
      1.6185061931610107,
      1.7020354270935059,
      1.353769063949585,
      1.3993948698043823,
      1.2990059852600098,
      1.4501465559005737,
      1.7281962633132935,
      1.3830639123916626,
      0.8853932023048401,
      1.2255866527557373,
      1.672878623008728,
      1.5814592838287354,
      0.45956578850746155,
      0.49198174476623535,
      0.7607178092002869,
      1.2366983890533447,
      1.177826166152954,
      0.8552418947219849,
      0.7655945420265198,
      0.5884107947349548,
      0.7454427480697632,
      1.230626106262207,
      1.4369580745697021,
      1.3662410974502563,
      1.349515676498413,
      0.9260112643241882,
      0.5307512283325195,
      0.581465482711792,
      0.24527572095394135,
      -0.8484489917755127,
      -0.7906080484390259,
      -0.6954253911972046,
      -0.1429186761379242,
      0.22741304337978363,
      0.20984667539596558,
      -0.1760411113500595,
      0.024112893268465996,
      0.1430036574602127,
      0.08557717502117157,
      -0.0005578674026764929,
      0.1907941699028015,
      0.6078365445137024,
      0.7484606504440308,
      0.6617324948310852,
      0.705431342124939,
      0.59516841173172,
      0.31767046451568604,
      -0.3143741190433502,
      -0.15193487703800201,
      0.312784343957901,
      0.8125433325767517,
      0.6759867668151855,
      0.3510858416557312,
      0.6049071550369263,
      0.7785428166389465,
      0.831390380859375,
      1.3151682615280151,
      1.5519838333129883,
      1.4406191110610962,
      0.9392831921577454,
      0.8600277900695801,
      0.9693364500999451,
      0.9773886799812317,
      0.9357873201370239,
      0.3046211004257202,
      0.13612349331378937,
      0.4233667254447937,
      0.4098813831806183,
      0.3292692303657532,
      0.5922439694404602,
      1.0391640663146973,
      0.6577235460281372,
      0.8923867344856262,
      0.9664434790611267,
      0.7422685623168945,
      0.8360034823417664,
      0.9303590655326843,
      0.7604426145553589,
      0.6970817446708679,
      0.9396246671676636,
      1.6344043016433716,
      2.0101583003997803,
      1.4228951930999756
    ],
    "component_log": {
      "forward_velocity": [
        -0.42677050828933716,
        -0.6376549005508423,
        0.7588961720466614,
        1.4503695964813232,
        2.1464297771453857,
        1.9489668607711792,
        1.2022888660430908,
        0.23611000180244446,
        0.5324497818946838,
        1.1096829175949097,
        1.5972213745117188,
        1.2405352592468262,
        1.199819564819336,
        1.485977053642273,
        1.4165617227554321,
        0.44789907336235046,
        0.7740873694419861,
        1.1264561414718628,
        1.502899169921875,
        1.4486452341079712,
        1.3135432004928589,
        1.3486038446426392,
        1.6185061931610107,
        1.7020354270935059,
        1.353769063949585,
        1.3993948698043823,
        1.2990059852600098,
        1.4501465559005737,
        1.7281962633132935,
        1.3830639123916626,
        0.8853932023048401,
        1.2255866527557373,
        1.672878623008728,
        1.5814592838287354,
        0.45956578850746155,
        0.49198174476623535,
        0.7607178092002869,
        1.2366983890533447,
        1.177826166152954,
        0.8552418947219849,
        0.7655945420265198,
        0.5884107947349548,
        0.7454427480697632,
        1.230626106262207,
        1.4369580745697021,
        1.3662410974502563,
        1.349515676498413,
        0.9260112643241882,
        0.5307512283325195,
        0.581465482711792,
        0.24527572095394135,
        -0.8484489917755127,
        -0.7906080484390259,
        -0.6954253911972046,
        -0.1429186761379242,
        0.22741304337978363,
        0.20984667539596558,
        -0.1760411113500595,
        0.024112893268465996,
        0.1430036574602127,
        0.08557717502117157,
        -0.0005578674026764929,
        0.1907941699028015,
        0.6078365445137024,
        0.7484606504440308,
        0.6617324948310852,
        0.705431342124939,
        0.59516841173172,
        0.31767046451568604,
        -0.3143741190433502,
        -0.15193487703800201,
        0.312784343957901,
        0.8125433325767517,
        0.6759867668151855,
        0.3510858416557312,
        0.6049071550369263,
        0.7785428166389465,
        0.831390380859375,
        1.3151682615280151,
        1.5519838333129883,
        1.4406191110610962,
        0.9392831921577454,
        0.8600277900695801,
        0.9693364500999451,
        0.9773886799812317,
        0.9357873201370239,
        0.3046211004257202,
        0.13612349331378937,
        0.4233667254447937,
        0.4098813831806183,
        0.3292692303657532,
        0.5922439694404602,
        1.0391640663146973,
        0.6577235460281372,
        0.8923867344856262,
        0.9664434790611267,
        0.7422685623168945,
        0.8360034823417664,
        0.9303590655326843,
        0.7604426145553589,
        0.6970817446708679,
        0.9396246671676636,
        1.6344043016433716,
        2.0101583003997803,
        1.4228951930999756
      ],