{
  "audit_input": {
    "video_path": "",
    "task_goal": "make the quadruped ant move forward with a stable gait",
    "available_components": [
      "forward_velocity",
      "energy_cost",
      "alive_bonus",
      "healthy_pose",
      "contact_force_penalty",
      "forward_displacement"
    ],
    "current_weights": {
      "forward_velocity": 1.0,
      "energy_cost": 0.5,
      "alive_bonus": 1.0,
      "healthy_pose": 0.0,
      "contact_force_penalty": 1.0,
      "forward_displacement": 0.0
    },
    "frame_descriptions": null,
    "reward_log": [
      -0.858863115310669,
      -0.2664560079574585,
      0.8971490263938904,
      1.1564913988113403,
      1.2021666765213013,
      1.298349380493164,
      1.8790777921676636,
      0.8059288263320923,
      0.8386347889900208,
      0.5310726761817932,
      1.0184845924377441,
      0.6267951726913452,
      1.080672264099121,
      1.4513977766036987,
      0.7154006958007812,
      1.127903938293457,
      1.6991626024246216,
      1.9528151750564575,
      2.4338905811309814,
      2.060486078262329,
      2.15522837638855,
      1.7786515951156616,
      1.4509326219558716,
      0.6048526763916016,
      0.40117713809013367
    ],
    "component_log": {
      "forward_velocity": [
        -0.25815531611442566,
        -0.3137325644493103,
        0.49039211869239807,
        1.3870378732681274,
        1.4057586193084717,
        1.3185725212097168,
        1.3244602680206299,
        0.9403061866760254,
        0.5941885709762573,
        0.39263617992401123,
        0.6589603424072266,
        0.5340914726257324,
        0.7105517387390137,
        0.785893976688385,
        0.8857808113098145,
        1.050012469291687,
        1.1941324472427368,
        1.7315775156021118,
        1.7593826055526733,
        1.4375197887420654,
        1.328777551651001,
        1.368334174156189,
        1.1240084171295166,
        0.8606613278388977,
        0.6432138681411743
      ],
      "energy_cost": [
        -3.201415538787842,
        -1.9054468870162964,
        -1.186483383178711,
        -2.461092948913574,
        -2.4071810245513916,
        -2.040443181991577,
        -0.8907649517059326,
        -2.268754720687866,
        -1.5111045837402344,
        -1.723127007484436,
        -1.2809513807296753,
        -1.8145925998687744,
        -1.2597589492797852,
        -0.6689900755882263,
        -2.3407602310180664,
        -1.84421706199646,
        -0.9899367094039917,
        -1.5575246810913086,
        -0.650983989238739,
        -0.7540672421455383,
        -0.347095787525177,
        -1.1793620586395264,
        -1.3461483716964722,
        -2.5116143226623535,
        -0.4840734601020813
      ],
      "alive_bonus": [
        1.0,
        1.0,
        1.0,
        1.0,
        1.0,
        1.0,
        1.0,
        1.0,
        1.0,
        1.0,
        1.0,
        1.0,
        1.0,
        1.0,
        1.0,
        1.0,
        1.0,
        1.0,
        1.0,
        1.0,
        1.0,
        1.0,
        1.0,
        1.0,
        0.0
      ],
      "healthy_pose": [
        1.0,
        1.0,
        1.0,
        1.0,
        1.0,
        1.0,
        1.0,
        1.0,
        1.0,
        1.0,
        1.0,
        1.0,
        1.0,
        1.0,
        1.0,
        1.0,
        1.0,
        1.0,
        1.0,
        1.0,
        1.0,
        1.0,
        1.0,
        1.0,
        0.0
      ],
      "contact_force_penalty": [
        -0.0,
        -0.0,
        -1.4066126823308878e-06,
        -0.0,
        -1.500000053056283e-06,
        -1.500000053056283e-06,
        -0.0,
        -0.0,
        -1.500000053056283e-06,
        -0.0,
        -0.0,
        -0.0,
        -0.0,
        -1.1327018683005008e-06,
        -0.0,
        -0.0,
        -1.500000053056283e-06,
        -0.0,
        -0.0,
        -0.0,
        -1.1640637467280612e-06,
        -1.500000053056283e-06,
        -1.500000053056283e-06,
        -1.500000053056283e-06,
        -0.0
      ],
      "forward_displacement": [
        0.0,
        -0.016759905964136124,
        0.02582741528749466,
        0.06914732605218887,
        0.07008636742830276,
        0.0661737248301506,
        0.0662437453866005,
        0.04684077203273773,
        0.029528815299272537,
        0.020037677139043808,
        0.0328187420964241,
        0.02669651061296463,
        0.035457856953144073,
        0.039291150867938995,
        0.04438505694270134,
        0.05248727649450302,
        0.06019884720444679,
        0.08609132468700409,
        0.08795870840549469,
        0.0718519315123558,
        0.06652913242578506,
        0.06831865757703781,
        0.056204359978437424,
        0.04305084049701691,
        0.032186802476644516
      ]
    }
  },
  "audit_output": {
    "task_success": false,
    "reward_hacking_detected": true,
    "reason": "Without a video, it is impossible to confirm if the quadruped exhibits a 'stable, natural locomotion' as required by the task goal, despite high forward velocity and healthy pose metrics. The agent achieves high forward velocity and maintains a healthy pose, but incurs a significant energy cost (mean -1.54). This suggests the locomotion might be inefficient or overly aggressive, prioritizing speed over the 'stable gait' aspect of the task, which implies efficiency and smoothness. Without visual confirmation, this high energy use could indicate a proxy-driven motion that is not truly stable or natural.",
    "next_reward_weights": {
      "alive_bonus": 1.0,
      "contact_force_penalty": 1.0,
      "energy_cost": 1.0,
      "forward_displacement": 0.0,
      "forward_velocity": 1.0,
      "healthy_pose": 1.0
    },
    "severity": 3
  },
  "auditor_name": "VLMAuditor[gemini-2.5-flash][M3]",
  "timestamp": "2026-05-31T19:45:46+00:00"
}