{
  "audit_input": {
    "video_path": "data/reweight_rollouts/ant_v2_subtle_seed0/iter_0/episode_1/video.mp4",
    "task_goal": "make the quadruped ant move forward with a stable gait",
    "available_components": [
      "forward_velocity",
      "energy_cost",
      "alive_bonus",
      "healthy_pose",
      "contact_force_penalty",
      "forward_displacement"
    ],
    "current_weights": {
      "forward_velocity": 1.0,
      "energy_cost": 0.0,
      "alive_bonus": 1.0,
      "healthy_pose": 0.0,
      "contact_force_penalty": 1.0,
      "forward_displacement": 0.0
    },
    "frame_descriptions": [
      "The agent starts in a low, crouched posture with all four legs firmly on the checkered ground.",
      "It slightly lowers its central body while the front left leg begins to lift off the ground.",
      "The body continues to descend, and the front left leg extends forward, clearly airborne.",
      "The agent's body is at its lowest point, with the front left leg fully extended forward, poised to land.",
      "The body begins to rise as the front left leg makes contact with the ground, initiating a forward push.",
      "Weight shifts to the front left leg, and the rear right leg lifts off the ground, beginning its forward swing.",
      "The agent moves forward, with the rear right leg swinging through the air, and the body is now higher.",
      "The rear right leg lands, completing a full step, and the agent maintains a stable, forward-leaning posture."
    ],
    "reward_log": [
      0.8837289214134216,
      0.8999176621437073,
      1.3848443031311035,
      1.4877336025238037,
      1.296107530593872,
      1.0349187850952148,
      1.2887448072433472,
      1.7400329113006592,
      1.6643558740615845,
      1.1237460374832153,
      1.341212272644043,
      1.471991777420044,
      1.365700364112854,
      1.5895023345947266,
      1.5056642293930054,
      1.7802542448043823,
      1.7326806783676147,
      1.3011105060577393,
      1.2572596073150635,
      1.3201539516448975,
      1.3368767499923706,
      1.3225573301315308,
      1.4969325065612793,
      2.113892078399658,
      1.8867535591125488,
      2.3404881954193115,
      2.1505637168884277,
      1.9670119285583496,
      2.1853885650634766,
      1.8674615621566772,
      1.480126976966858,
      1.7690606117248535,
      2.409372568130493,
      2.5087766647338867,
      1.560413122177124,
      0.9069804549217224,
      1.1527684926986694,
      1.1251174211502075,
      1.1436796188354492,
      0.9275181293487549,
      1.137298583984375,
      1.9926698207855225,
      2.136366128921509,
      0.6977488994598389
    ],
    "component_log": {
      "forward_velocity": [
        -0.11627107113599777,
        -0.10008231550455093,
        0.3848443031311035,
        0.48773515224456787,
        0.29610908031463623,
        0.03491881117224693,
        0.28874483704566956,
        0.7400328516960144,
        0.6643558740615845,
        0.12374899536371231,
        0.34121227264404297,
        0.47199180722236633,
        0.36570149660110474,
        0.5895022749900818,
        0.5056657791137695,
        0.7802555561065674,
        0.7326849102973938,
        0.3011104464530945,
        0.25725963711738586,
        0.3201538920402527,
        0.33687809109687805,
        0.3225573003292084,
        0.49693402647972107,
        1.1138920783996582,
        0.8867546916007996,
        1.3404896259307861,
        1.1505649089813232,
        0.9670127630233765,
        1.185388445854187,
        0.867461621761322,
        0.4801284074783325,
        0.7690606713294983,
        1.4093724489212036,
        1.5087766647338867,
        0.560413122177124,
        -0.0930195227265358,
        0.15276843309402466,
        0.12511736154556274,
        0.14368107914924622,
        -0.07248188555240631,
        0.13730010390281677,
        0.9926698803901672,
        1.1363660097122192,
        0.6977488994598389
      ],
      "energy_cost": [
        -1.9542416334152222,
        -2.25779390335083,
        -1.7319881916046143,
        -2.5307462215423584,
        -2.9122135639190674,
        -2.515988826751709,
        -5.959689140319824,
        -1.333045244216919,
        -1.2702687978744507,
        -2.217653274536133,
        -2.749760627746582,
        -3.303884983062744,
        -1.0844907760620117,
        -8.615153312683105,
        -3.101717948913574,
        -5.229865550994873,
        -4.397857666015625,
        -2.957460880279541,
        -4.4633893966674805,
        -2.904170513153076,
        -2.5233120918273926,
        -3.0363621711730957,
        -7.72030782699585,
        -3.2490057945251465,
        -3.2261393070220947,
        -2.027209758758545,
        -4.734166145324707,
        -6.3509416580200195,
        -5.218780040740967,
        -2.0400230884552,
        -7.047454357147217,
        -4.739123344421387,
        -4.844296932220459,
        -4.633857250213623,
        -7.255212306976318,
        -4.546841621398926,
        -5.20438814163208,
        -6.446043491363525,
        -2.979344367980957,
        -4.0507731437683105,
        -6.714838027954102,
        -4.02583646774292,
        -6.497687816619873,
        -5.047601222991943
      ],
      "alive_bonus": [
        1.0,
        1.0,
        1.0,
        1.0,
        1.0,
        1.0,
        1.0,
        1.0,
        1.0,
        1.0,
        1.0,
        1.0,
        1.0,
        1.0,
        1.0,
        1.0,
        1.0,
        1.0,
        1.0,
        1.0,
        1.0,
        1.0,
        1.0,
        1.0,
        1.0,
        1.0,
        1.0,
        1.0,
        1.0,
        1.0,
        1.0,
        1.0,
        1.0,
        1.0,
        1.0,
        1.0,
        1.0,
        1.0,
        1.0,
        1.0,
        1.0,
        1.0,
        1.0,
        0.0
      ],
      "healthy_pose": [
        1.0,
        1.0,
        1.0,
        1.0,
        1.0,
        1.0,
        1.0,
        1.0,
        1.0,
        1.0,
        1.0,
        1.0,
        1.0,
        1.0,
        1.0,
        1.0,
        1.0,
        1.0,
        1.0,
        1.0,
        1.0,
        1.0,
        1.0,
        1.0,
        1.0,
        1.0,
        1.0,
        1.0,
        1.0,
        1.0,
        1.0,
        1.0,
        1.0,
        1.0,
        1.0,
        1.0,
        1.0,
        1.0,
        1.0,
        1.0,
        1.0,
        1.0,
        1.0,
        0.0
      ],
      "contact_force_penalty": [
        -0.0,
        -0.0,
        -0.0,
        -1.500000053056283e-06,
        -1.500000053056283e-06,
        -0.0,
        -0.0,
        -0.0,
        -0.0,
        -3.000000106112566e-06,
        -0.0,
        -0.0,
        -1.0797299410114647e-06,
        -0.0,
        -1.4832353372185025e-06,
        -1.2561635003294214e-06,
        -4.266044470568886e-06,
        -0.0,
        -0.0,
        -0.0,
        -1.2958678325958317e-06,
        -0.0,
        -1.500000053056283e-06,
        -0.0,
        -1.108686888073862e-06,
        -1.500000053056283e-06,
        -1.253070536222367e-06,
        -8.409751330873405e-07,
        -0.0,
        -0.0,
        -1.500000053056283e-06,
        -0.0,
        -0.0,
        -0.0,
        -0.0,
        -0.0,
        -0.0,
        -0.0,
        -1.500000053056283e-06,
        -0.0,
        -1.500000053056283e-06,
        -0.0,
        -0.0,
        -0.0
      ],