{
  "audit_input": {
    "video_path": "",
    "task_goal": "make the quadruped ant move forward with a stable gait",
    "available_components": [
      "forward_velocity",
      "energy_cost",
      "alive_bonus",
      "healthy_pose",
      "contact_force_penalty",
      "forward_displacement"
    ],
    "current_weights": {
      "forward_velocity": 1.0,
      "energy_cost": 0.0,
      "alive_bonus": 0.0,
      "healthy_pose": 0.0,
      "contact_force_penalty": 0.0,
      "forward_displacement": 0.0
    },
    "frame_descriptions": null,
    "reward_log": [
      -0.3541308641433716,
      -0.45958492159843445,
      0.26128193736076355,
      0.33643025159835815,
      -0.4979633688926697,
      0.3854741156101227,
      0.7251580357551575,
      1.2012813091278076,
      1.1610077619552612,
      1.4824177026748657,
      1.4700956344604492,
      0.9434732794761658,
      0.7364966869354248,
      0.39984700083732605,
      -0.02017841674387455,
      0.35296598076820374,
      0.5878568887710571,
      0.730580747127533,
      0.3980323374271393,
      0.2006765604019165,
      0.559845507144928,
      0.3601416051387787,
      0.38334715366363525,
      0.6124560832977295,
      0.9399510622024536,
      1.2101367712020874,
      1.1811413764953613,
      0.9967817664146423,
      0.790921688079834,
      0.5095617771148682,
      0.34707850217819214,
      0.582227349281311,
      0.4769750237464905,
      0.664357602596283,
      0.7046273350715637,
      1.0479272603988647,
      1.1311665773391724,
      1.021575927734375,
      0.9306240677833557,
      1.0119291543960571,
      1.032012939453125,
      1.1734511852264404,
      -0.023218093439936638,
      -0.0842725932598114,
      -0.08194585889577866,
      -0.10443039238452911,
      -0.14563007652759552,
      -0.6751384735107422,
      -1.5819709300994873,
      -1.2892121076583862,
      -1.232790470123291,
      -1.4384338855743408,
      -1.4578890800476074,
      -1.5584872961044312,
      -1.4604103565216064,
      -1.8042384386062622,
      -1.7736603021621704,
      -0.6727995872497559,
      -0.38796329498291016,
      -0.5190038681030273,
      -0.7344704866409302,
      -0.28012704849243164,
      0.10157528519630432,
      0.40363410115242004,
      0.8194512128829956,
      0.5754730105400085,
      0.41285037994384766,
      0.44312694668769836,
      0.493130624294281,
      0.5118008852005005,
      0.4458353519439697,
      0.2269606739282608,
      0.6317864656448364,
      0.6408661007881165,
      0.5858493447303772,
      0.425452321767807,
      0.471294641494751,
      0.44783586263656616,
      0.4069109261035919,
      -0.014226420782506466,
      -0.02707815170288086,
      -0.0006193578592501581,
      0.5773385167121887,
      0.5845391750335693,
      0.6515346765518188,
      0.7382156252861023,
      0.49010053277015686,
      0.40369269251823425,
      0.4958392083644867,
      0.6505280137062073
    ],
    "component_log": {
      "forward_velocity": [
        -0.3541308641433716,
        -0.45958492159843445,
        0.26128193736076355,
        0.33643025159835815,
        -0.4979633688926697,
        0.3854741156101227,
        0.7251580357551575,
        1.2012813091278076,
        1.1610077619552612,
        1.4824177026748657,
        1.4700956344604492,
        0.9434732794761658,
        0.7364966869354248,
        0.39984700083732605,
        -0.02017841674387455,
        0.35296598076820374,
        0.5878568887710571,
        0.730580747127533,
        0.3980323374271393,
        0.2006765604019165,
        0.559845507144928,
        0.3601416051387787,
        0.38334715366363525,
        0.6124560832977295,
        0.9399510622024536,
        1.2101367712020874,
        1.1811413764953613,
        0.9967817664146423,
        0.790921688079834,
        0.5095617771148682,
        0.34707850217819214,
        0.582227349281311,
        0.4769750237464905,
        0.664357602596283,
        0.7046273350715637,
        1.0479272603988647,
        1.1311665773391724,
        1.021575927734375,
        0.9306240677833557,
        1.0119291543960571,
        1.032012939453125,
        1.1734511852264404,
        -0.023218093439936638,
        -0.0842725932598114,
        -0.08194585889577866,
        -0.10443039238452911,
        -0.14563007652759552,
        -0.6751384735107422,
        -1.5819709300994873,
        -1.2892121076583862,
        -1.232790470123291,
        -1.4384338855743408,
        -1.4578890800476074,
        -1.5584872961044312,
        -1.4604103565216064,
        -1.8042384386062622,
        -1.7736603021621704,
        -0.6727995872497559,
        -0.38796329498291016,
        -0.5190038681030273,
        -0.7344704866409302,
        -0.28012704849243164,
        0.10157528519630432,
        0.40363410115242004,
        0.8194512128829956,
        0.5754730105400085,
        0.41285037994384766,
        0.44312694668769836,
        0.493130624294281,
        0.5118008852005005,
        0.4458353519439697,
        0.2269606739282608,
        0.6317864656448364,
        0.6408661007881165,
        0.5858493447303772,
        0.425452321767807,
        0.471294641494751,
        0.44783586263656616,
        0.4069109261035919,
        -0.014226420782506466,
        -0.02707815170288086,
        -0.0006193578592501581,
        0.5773385167121887,
        0.5845391750335693,
        0.6515346765518188,
        0.7382156252861023,
        0.49010053277015686,
        0.40369269251823425,
        0.4958392083644867,
        0.6505280137062073
      ],