{
  "audit_input": {
    "video_path": "data/reweight_rollouts/ant_v1_ground_truth_seed0/iter_0/episode_1/video.mp4",
    "task_goal": "make the quadruped ant move forward with a stable gait",
    "available_components": [
      "forward_velocity",
      "energy_cost",
      "alive_bonus",
      "healthy_pose",
      "contact_force_penalty",
      "forward_displacement"
    ],
    "current_weights": {
      "forward_velocity": 1.0,
      "energy_cost": 0.5,
      "alive_bonus": 1.0,
      "healthy_pose": 0.0,
      "contact_force_penalty": 1.0,
      "forward_displacement": 0.0
    },
    "frame_descriptions": [
      "The agent begins in a very low posture, with its body nearly touching the ground and its four legs splayed outwards.",
      "Its central body starts to lift slightly, and the legs begin to bend more acutely underneath it.",
      "The agent's body continues to rise, with all four legs maintaining contact and adjusting their angles.",
      "The body is now significantly elevated from the ground, supported by its four bent legs.",
      "It continues to extend its legs, further raising its central body towards an upright position.",
      "The agent reaches its highest posture, with its body well clear of the ground and legs extended downwards.",
      "It holds this elevated stance, appearing stable and balanced on all four limbs.",
      "The agent maintains its raised, static posture, showing no further movement."
    ],
    "reward_log": [
      -0.858863115310669,
      -0.2664560079574585,
      0.8971490263938904,
      1.1564913988113403,
      1.2021666765213013,
      1.298349380493164,
      1.8790777921676636,
      0.8059288263320923,
      0.8386347889900208,
      0.5310726761817932,
      1.0184845924377441,
      0.6267951726913452,
      1.080672264099121,
      1.4513977766036987,
      0.7154006958007812,
      1.127903938293457,
      1.6991626024246216,
      1.9528151750564575,
      2.4338905811309814,
      2.060486078262329,
      2.15522837638855,
      1.7786515951156616,
      1.4509326219558716,
      0.6048526763916016,
      0.40117713809013367
    ],
    "component_log": {
      "forward_velocity": [
        -0.25815531611442566,
        -0.3137325644493103,
        0.49039211869239807,
        1.3870378732681274,
        1.4057586193084717,
        1.3185725212097168,
        1.3244602680206299,
        0.9403061866760254,
        0.5941885709762573,
        0.39263617992401123,
        0.6589603424072266,
        0.5340914726257324,
        0.7105517387390137,
        0.785893976688385,
        0.8857808113098145,
        1.050012469291687,
        1.1941324472427368,
        1.7315775156021118,
        1.7593826055526733,
        1.4375197887420654,
        1.328777551651001,
        1.368334174156189,
        1.1240084171295166,
        0.8606613278388977,
        0.6432138681411743
      ],
      "energy_cost": [
        -3.201415538787842,
        -1.9054468870162964,
        -1.186483383178711,
        -2.461092948913574,
        -2.4071810245513916,
        -2.040443181991577,
        -0.8907649517059326,
        -2.268754720687866,
        -1.5111045837402344,
        -1.723127007484436,
        -1.2809513807296753,
        -1.8145925998687744,
        -1.2597589492797852,
        -0.6689900755882263,
        -2.3407602310180664,
        -1.84421706199646,
        -0.9899367094039917,
        -1.5575246810913086,
        -0.650983989238739,
        -0.7540672421455383,
        -0.347095787525177,
        -1.1793620586395264,
        -1.3461483716964722,
        -2.5116143226623535,
        -0.4840734601020813
      ],
      "alive_bonus": [
        1.0,
        1.0,
        1.0,
        1.0,
        1.0,
        1.0,
        1.0,
        1.0,
        1.0,
        1.0,
        1.0,
        1.0,
        1.0,
        1.0,
        1.0,
        1.0,
        1.0,
        1.0,
        1.0,
        1.0,
        1.0,
        1.0,
        1.0,
        1.0,
        0.0
      ],
      "healthy_pose": [
        1.0,
        1.0,
        1.0,
        1.0,
        1.0,
        1.0,
        1.0,
        1.0,
        1.0,
        1.0,
        1.0,
        1.0,
        1.0,
        1.0,
        1.0,
        1.0,
        1.0,
        1.0,
        1.0,
        1.0,
        1.0,
        1.0,
        1.0,
        1.0,
        0.0
      ],
      "contact_force_penalty": [
        -0.0,
        -0.0,
        -1.4066126823308878e-06,
        -0.0,
        -1.500000053056283e-06,
        -1.500000053056283e-06,
        -0.0,
        -0.0,
        -1.500000053056283e-06,
        -0.0,
        -0.0,
        -0.0,
        -0.0,
        -1.1327018683005008e-06,
        -0.0,
        -0.0,
        -1.500000053056283e-06,
        -0.0,
        -0.0,
        -0.0,
        -1.1640637467280612e-06,
        -1.500000053056283e-06,
        -1.500000053056283e-06,
        -1.500000053056283e-06,
        -0.0
      ],
      "forward_displacement": [
        0.0,
        -0.016759905964136124,
        0.02582741528749466,
        0.06914732605218887,
        0.07008636742830276,
        0.0661737248301506,
        0.0662437453866005,
        0.04684077203273773,
        0.029528815299272537,
        0.020037677139043808,
        0.0328187420964241,
        0.02669651061296463,
        0.035457856953144073,
        0.039291150867938995,
        0.04438505694270134,
        0.05248727649450302,
        0.06019884720444679,
        0.08609132468700409,
        0.08795870840549469,
        0.0718519315123558,
        0.06652913242578506,
        0.06831865757703781,
        0.056204359978437424,
        0.04305084049701691,
        0.032186802476644516
      ]
    }
  },
  "audit_output": {
    "task_success": false,
    "reward_hacking_detected": true,
    "reason": "The agent successfully achieves a healthy, upright pose and survives the episode, but it does not move forward at all, failing the primary task goal of locomotion. Despite a high 'forward_velocity' reward, the 'forward_displacement' is negligible, and the video shows the agent remaining static after standing up. This indicates the agent is exploiting the 'forward_velocity' term without actual forward movement.",
    "next_reward_weights": {
      "alive_bonus": 0.1,
      "contact_force_penalty": 1.0,
      "energy_cost": 0.5,
      "forward_displacement": 2.0,
      "forward_velocity": 0.0,
      "healthy_pose": 0.1
    },
    "severity": 4
  },
  "auditor_name": "VLMAuditor[gemini-2.5-flash][M5]",
  "timestamp": "2026-06-19T21:43:28+00:00"
}