{
  "audit_input": {
    "video_path": "data/reweight_rollouts/ant_v4_blatant_seed0/iter_0/episode_0/video.mp4",
    "task_goal": "make the quadruped ant move forward with a stable gait",
    "available_components": [
      "forward_velocity",
      "energy_cost",
      "alive_bonus",
      "healthy_pose",
      "contact_force_penalty",
      "forward_displacement"
    ],
    "current_weights": {
      "forward_velocity": 1.0,
      "energy_cost": 0.0,
      "alive_bonus": 0.0,
      "healthy_pose": 0.0,
      "contact_force_penalty": 0.0,
      "forward_displacement": 0.0
    },
    "frame_descriptions": [
      "The agent is observed in a low, splayed posture, with its central body close to the ground.",
      "All six of its cylindrical limbs are in contact with the checkered surface, providing a stable base.",
      "There is no discernible motion; the agent remains perfectly still throughout this interval.",
      "Its gait is absent, as the agent appears to be in a resting or collapsed state.",
      "The contact with the ground is firm and widespread across all its limbs.",
      "The agent's form is symmetrical, with limbs extended outwards from a central spherical body.",
      "It does not appear to be performing any locomotion task, showing no signs of movement.",
      "The agent maintains a static, unmoving pose, indicating a lack of active behavior."
    ],
    "reward_log": [
      -0.39130744338035583,
      -0.5892261266708374,
      0.40160006284713745,
      1.789522647857666,
      2.3552491664886475,
      2.1223416328430176,
      1.6196962594985962,
      2.028972864151001
    ],
    "component_log": {
      "forward_velocity": [
        -0.39130744338035583,
        -0.5892261266708374,
        0.40160006284713745,
        1.789522647857666,
        2.3552491664886475,
        2.1223416328430176,
        1.6196962594985962,
        2.028972864151001
      ],
      "energy_cost": [
        -10.00499153137207,
        -10.229162216186523,
        -6.86956262588501,
        -10.942464828491211,
        -6.010641098022461,
        -9.204240798950195,
        -9.054405212402344,
        -7.653285026550293
      ],
      "alive_bonus": [
        1.0,
        1.0,
        1.0,
        1.0,
        1.0,
        1.0,
        1.0,
        0.0
      ],
      "healthy_pose": [
        1.0,
        1.0,
        1.0,
        1.0,
        1.0,
        1.0,
        1.0,
        0.0
      ],
      "contact_force_penalty": [
        -0.0,
        -0.0,
        -1.500000053056283e-06,
        -1.2504733604146168e-06,
        -0.0,
        -0.0,
        -0.0,
        -0.0
      ],
      "forward_displacement": [
        0.0,
        -0.029447846114635468,
        0.02024255320429802,
        0.08924643695354462,
        0.11794985830783844,
        0.10633515566587448,
        0.0806330144405365,
        0.10160881280899048
      ]
    }
  },
  "audit_output": {
    "task_success": false,
    "reward_hacking_detected": true,
    "reason": "The agent remains completely still in a splayed posture, failing to move forward or exhibit a stable gait. Despite this, the 'forward_velocity' component, which is the only weighted reward, accumulates a positive sum, indicating the agent is being rewarded for something other than actual locomotion.",
    "next_reward_weights": {
      "alive_bonus": 0.0,
      "contact_force_penalty": 0.0,
      "energy_cost": 0.05,
      "forward_displacement": 0.0,
      "forward_velocity": 1.0,
      "healthy_pose": 1.0
    },
    "severity": 5
  },
  "auditor_name": "VLMAuditor[gemini-2.5-flash][M5]",
  "timestamp": "2026-06-19T21:45:33+00:00"
}