{
  "audit_input": {
    "video_path": "data/reweight_rollouts/ant_v3_shaping_seed0/iter_0/episode_0/video.mp4",
    "task_goal": "make the quadruped ant move forward with a stable gait",
    "available_components": [
      "forward_velocity",
      "energy_cost",
      "alive_bonus",
      "healthy_pose",
      "contact_force_penalty",
      "forward_displacement"
    ],
    "current_weights": {
      "forward_velocity": 10.0,
      "energy_cost": 0.5,
      "alive_bonus": 1.0,
      "healthy_pose": 0.0,
      "contact_force_penalty": 1.0,
      "forward_displacement": 0.0
    },
    "frame_descriptions": [
      "The agent is in a low, splayed posture with all four limbs on the ground, appearing stable.",
      "The agent's body slightly shifts forward, and the front-left limb briefly lifts and touches down.",
      "The agent maintains a low posture, with its body slightly rocking and limbs adjusting contact with the ground.",
      "The agent's body lowers further, almost touching the ground, with all four limbs spread wide.",
      "The agent begins to lift its body, pushing off the ground, with the front-left limb rising.",
      "The agent's body is now significantly elevated, and it is rotating counter-clockwise, with some limbs off the ground.",
      "The agent continues to rotate and lift, balancing precariously on its rear limbs, with its body tilted.",
      "The agent is mostly upright, balancing on two limbs, with its body highly tilted and rotating, appearing unstable."
    ],
    "reward_log": [
      -4.851144313812256,
      -10.328264236450195,
      -6.827767372131348,
      1.7434241771697998,
      7.468057632446289,
      4.899404048919678,
      -1.9319641590118408,
      2.8350002765655518,
      5.643917083740234,
      7.981734275817871,
      2.4358677864074707,
      -3.7138075828552246,
      -3.239659070968628,
      -7.3545050621032715,
      -7.605279922485352,
      -11.081656455993652,
      -6.092844009399414,
      -6.085565090179443,
      -7.488612174987793,
      -5.076296329498291,
      -2.5320427417755127,
      -3.268892288208008,
      0.42074453830718994,
      1.2678922414779663,
      -1.0336507558822632,
      -1.928885579109192,
      -6.223540306091309,
      -10.305362701416016,
      -14.880654335021973,
      -12.629354476928711,
      -13.45286750793457,
      -10.532333374023438,
      -1.520548701286316,
      -3.377887487411499,
      -4.051564693450928,
      -2.9827611446380615,
      -2.19819974899292,
      1.2427678108215332,
      -1.0445497035980225,
      -3.610869884490967,
      -3.266409397125244,
      -2.7999658584594727,
      1.3853778839111328,
      5.702254295349121,
      8.140442848205566,
      6.709863662719727,
      5.214484691619873,
      3.794682025909424,
      2.8121142387390137,
      12.022624969482422,
      10.639007568359375,
      8.542378425598145,
      7.084957122802734,
      4.739503860473633,
      10.412302017211914,
      12.46953010559082,
      6.709336280822754,
      7.679263591766357,
      9.772412300109863,
      9.548933029174805,
      3.7103822231292725,
      3.4037017822265625,
      -2.1242799758911133,
      -1.329086184501648,
      -3.2244298458099365,
      1.2882353067398071,
      3.3415658473968506,
      4.280246734619141,
      6.430031776428223,
      3.176943063735962,
      2.9524104595184326,
      2.224809408187866,
      0.3983485698699951,
      -0.19015567004680634,
      0.07453488558530807,
      6.790395259857178,
      3.677570104598999,
      -0.00907458271831274,
      3.229630708694458,
      5.433234214782715,
      2.683881998062134,
      2.986729860305786,
      4.703986167907715,
      8.490527153015137,
      17.006311416625977,
      16.594959259033203,
      19.32649040222168,
      12.9683256149292
    ],
    "component_log": {
      "forward_velocity": [
        -0.318005234003067,
        -0.9438314437866211,
        -0.5560926795005798,
        0.32705044746398926,
        0.9694740772247314,
        0.6791214346885681,
        0.13217909634113312,
        0.49664631485939026,
        0.7286397218704224,
        0.9764650464057922,
        0.34997570514678955,
        0.018922047689557076,
        -0.19424201548099518,
        -0.4688068926334381,
        -0.6768789291381836,
        -0.65651535987854,
        -0.5713169574737549,
        -0.588874876499176,
        -0.5955109000205994,
        -0.311222106218338,
        0.3729352653026581,
        0.5092847943305969,
        0.45247936248779297,
        0.4926556944847107,
        0.18358513712882996,
        0.0006715315394103527,
        -0.3171808123588562,
        -0.9194821715354919,
        -1.4421747922897339,
        -1.3270916938781738,
        -0.8587769269943237,
        -0.6942750215530396,
        -0.11352743208408356,
        0.19383542239665985,
        0.07708348333835602,
        -0.08080150932073593,
        -0.24823160469532013,
        0.2223774641752243,
        0.05610077083110809,
        -0.02795357070863247,
        -0.04077110439538956,
        -0.06599969416856766,
        0.21117699146270752,
        0.7886490821838379,
        0.8498584628105164,
        0.9421253800392151,
        0.6446821093559265,
        0.5447949171066284,
        1.0258458852767944,
        1.3615026473999023,
        1.2811881303787231,
        0.871724545955658,
        0.756489634513855,
        0.5189325213432312,
        1.0618499517440796,
        1.3881745338439941,
        0.9907652735710144,
        1.0972790718078613,
        1.0930473804473877,
        1.065843939781189,
        0.44956859946250916,
        0.406498521566391,
        0.10953593999147415,
        -0.019347716122865677,
        0.06119535118341446,
        0.26280808448791504,
        0.427816241979599,
        0.48935550451278687,
        0.6826885342597961,
        0.38028624653816223,
        0.3131554424762726,
        0.37081804871559143,
        0.22086158394813538,
        0.1536860316991806,
        0.35658538341522217,
        0.8216868042945862,
        0.5217253565788269,
        0.14977316558361053,
        0.39906907081604004,
        0.7235569357872009,
        0.4793849289417267,
        0.4453279674053192,
        0.6310396790504456,
        1.2367897033691406,
        1.730579137802124,
        1.8699835538864136,
        1.940953254699707,
        1.412847638130188
      ],