{
  "audit_input": {
    "video_path": "data/reweight_rollouts/ant_v3_shaping_seed0/iter_0/episode_1/video.mp4",
    "task_goal": "make the quadruped ant move forward with a stable gait",
    "available_components": [
      "forward_velocity",
      "energy_cost",
      "alive_bonus",
      "healthy_pose",
      "contact_force_penalty",
      "forward_displacement"
    ],
    "current_weights": {
      "forward_velocity": 10.0,
      "energy_cost": 0.5,
      "alive_bonus": 1.0,
      "healthy_pose": 0.0,
      "contact_force_penalty": 1.0,
      "forward_displacement": 0.0
    },
    "frame_descriptions": [
      "The agent lies flat on its belly with all four limbs splayed outwards, making full contact with the ground.",
      "It begins to lift its central body slightly, bending its front two limbs inward while the rear limbs remain extended.",
      "The agent continues to elevate its body, with all four limbs now actively supporting its weight and bending at the joints.",
      "Its body is now significantly raised off the ground, supported by its four bent limbs in a low crouch.",
      "The agent achieves a stable, elevated quadrupedal stance, with all four limbs firmly planted and supporting the central sphere.",
      "It maintains this stable, elevated posture, with its limbs bent and making continuous contact with the ground.",
      "The agent slightly adjusts its weight, but its overall quadrupedal stance and limb positions remain largely unchanged.",
      "It holds its elevated, static quadrupedal posture, showing no forward movement or change in gait."
    ],
    "reward_log": [
      -5.130890369415283,
      -8.609630584716797,
      1.2047823667526245,
      10.628190040588379,
      14.598655700683594,
      17.524860382080078,
      15.630288124084473,
      14.19144058227539,
      13.750614166259766,
      14.341269493103027,
      15.713788986206055,
      13.35299015045166,
      10.80997371673584,
      4.430996894836426,
      -1.5078297853469849,
      -5.967862606048584,
      -1.947396993637085,
      -2.697418212890625
    ],
    "component_log": {
      "forward_velocity": [
        -0.3764686584472656,
        -0.7686647772789001,
        0.3731097877025604,
        1.5009825229644775,
        1.790846347808838,
        1.9633584022521973,
        1.917746663093567,
        1.7547720670700073,
        1.4731966257095337,
        1.6462172269821167,
        1.9731842279434204,
        1.5343663692474365,
        1.0778090953826904,
        0.4346723258495331,
        0.08018206059932709,
        -0.04128960520029068,
        -0.17106939852237701,
        0.16928991675376892
      ],
      "energy_cost": [
        -4.732407569885254,
        -3.8459665775299072,
        -7.052628040313721,
        -10.763270378112793,
        -8.619614601135254,
        -6.217446327209473,
        -9.09435749053955,
        -8.712559700012207,
        -3.9626989364624023,
        -6.241806507110596,
        -10.036105155944824,
        -5.981346130371094,
        -1.9362351894378662,
        -1.8314499855041504,
        -6.619300842285156,
        -13.109932899475098,
        -2.4734034538269043,
        -8.780634880065918
      ],
      "alive_bonus": [
        1.0,
        1.0,
        1.0,
        1.0,
        1.0,
        1.0,
        1.0,
        1.0,
        1.0,
        1.0,
        1.0,
        1.0,
        1.0,
        1.0,
        1.0,
        1.0,
        1.0,
        0.0
      ],
      "healthy_pose": [
        1.0,
        1.0,
        1.0,
        1.0,
        1.0,
        1.0,
        1.0,
        1.0,
        1.0,
        1.0,
        1.0,
        1.0,
        1.0,
        1.0,
        1.0,
        1.0,
        1.0,
        0.0
      ],
      "contact_force_penalty": [
        -0.0,
        -0.0,
        -1.500000053056283e-06,
        -0.0,
        -1.500000053056283e-06,
        -0.0,
        -0.0,
        -0.0,
        -3.000000106112566e-06,
        -0.0,
        -0.0,
        -0.0,
        -0.0,
        -1.264808702217124e-06,
        -0.0,
        -0.0,
        -1.2506401390055544e-06,
        -0.0
      ],
      "forward_displacement": [
        0.0,
        -0.03774125128984451,
        0.01810341328382492,
        0.0738840401172638,
        0.09050294756889343,
        0.09820538014173508,
        0.09583033621311188,
        0.08783814311027527,
        0.07434643059968948,
        0.08187606930732727,
        0.09825143963098526,
        0.07701339572668076,
        0.05503121390938759,
        0.02051769383251667,
        0.003986402880400419,
        -0.002119883429259062,
        -0.008634138852357864,
        0.008556893095374107
      ]
    }
  },
  "audit_output": {
    "task_success": false,
    "reward_hacking_detected": true,
    "reason": "The agent successfully achieves a stable upright pose but does not move forward, failing the primary task goal of locomotion. It appears to be exploiting the 'alive_bonus' to survive without performing the task. Despite positive 'forward_velocity' and 'forward_displacement' values, the video shows no actual forward movement or gait.",
    "next_reward_weights": {
      "alive_bonus": 0.1,
      "contact_force_penalty": 1.0,
      "energy_cost": 0.5,
      "forward_displacement": 0.0,
      "forward_velocity": 10.0,
      "healthy_pose": 0.0
    },
    "severity": 4
  },
  "auditor_name": "VLMAuditor[gemini-2.5-flash][M5]",
  "timestamp": "2026-06-19T21:45:00+00:00"
}