{
  "audit_input": {
    "video_path": "",
    "task_goal": "make the humanoid run forward while remaining upright and balanced",
    "available_components": [
      "forward_velocity",
      "energy_cost",
      "alive_bonus",
      "healthy_pose",
      "contact_force_penalty",
      "forward_displacement"
    ],
    "current_weights": {
      "forward_velocity": 10.0,
      "energy_cost": 0.1,
      "alive_bonus": 5.0,
      "healthy_pose": 0.0,
      "contact_force_penalty": 1.0,
      "forward_displacement": 0.0
    },
    "frame_descriptions": null,
    "reward_log": [
      4.641732215881348,
      4.488532543182373,
      4.487496376037598,
      4.332346439361572,
      4.645473480224609,
      4.499222755432129,
      4.689021587371826,
      4.665725231170654,
      4.589728355407715,
      4.6377410888671875,
      6.0690693855285645,
      7.650801181793213,
      8.438782691955566,
      9.366321563720703,
      9.961443901062012,
      10.482948303222656,
      10.991119384765625,
      10.988948822021484,
      10.958427429199219,
      11.183481216430664,
      11.391191482543945,
      11.867992401123047,
      12.194676399230957,
      11.891156196594238,
      12.515521049499512,
      13.120275497436523,
      13.09830093383789,
      13.207344055175781,
      13.435103416442871,
      13.044926643371582,
      12.980558395385742,
      13.029740333557129,
      12.93729305267334,
      12.956207275390625,
      12.838061332702637,
      12.875408172607422,
      12.879436492919922,
      12.690515518188477,
      12.930317878723145,
      12.954962730407715,
      13.729400634765625,
      16.01839828491211,
      17.603443145751953,
      18.552946090698242,
      18.608234405517578,
      18.26604461669922,
      18.2900333404541,
      18.32061004638672,
      18.373315811157227,
      18.573373794555664,
      18.658565521240234,
      18.94835662841797,
      19.443012237548828,
      19.583349227905273,
      19.538122177124023,
      19.5570011138916,
      19.46767807006836,
      19.349828720092773,
      19.136754989624023,
      19.34295082092285,
      19.345373153686523,
      20.306385040283203,
      20.806188583374023,
      20.63947296142578,
      20.75166130065918,
      20.74931526184082,
      20.512290954589844,
      19.272470474243164,
      18.374126434326172,
      18.69879150390625,
      18.70347785949707,
      18.592777252197266,
      18.749980926513672,
      18.557308197021484,
      18.138545989990234,
      18.571855545043945,
      19.204816818237305,
      19.2666015625,
      19.186025619506836,
      19.244373321533203,
      14.08633804321289
    ],
    "component_log": {
      "forward_velocity": [
        0.0019351246301084757,
        0.0019195795757696033,
        0.0017402684316039085,
        0.0019349115900695324,
        0.0015571186086162925,
        0.0012773590860888362,
        0.0011734550353139639,
        0.000827475858386606,
        0.0009053045650944114,
        0.0049680680967867374,
        0.14534562826156616,
        0.3005087971687317,
        0.3842509984970093,
        0.4739212989807129,
        0.5298792719841003,
        0.5637784004211426,
        0.6216366291046143,
        0.6256898641586304,
        0.6330602169036865,
        0.6441022753715515,
        0.6743058562278748,
        0.7009757161140442,
        0.741750955581665,
        0.7328379154205322,
        0.790493369102478,
        0.8466026782989502,
        0.8346747159957886,
        0.8386086821556091,
        0.873298704624176,
        0.8510273694992065,
        0.8331596851348877,
        0.8271982073783875,
        0.819355845451355,
        0.8195619583129883,
        0.8192522525787354,
        0.8196663856506348,
        0.8193496465682983,
        0.8196395039558411,
        0.8190892934799194,
        0.8196512460708618,
        0.9294175505638123,
        1.1307637691497803,
        1.2890907526016235,
        1.3973966836929321,
        1.4052544832229614,
        1.3757652044296265,
        1.3748300075531006,
        1.3732869625091553,
        1.380728840827942,
        1.4019111394882202,
        1.4097964763641357,
        1.4348454475402832,
        1.4605945348739624,
        1.4741159677505493,
        1.4748404026031494,
        1.4751036167144775,
        1.4755640029907227,
        1.4752676486968994,
        1.4741214513778687,
        1.4749661684036255,
        1.4842394590377808,
        1.562591314315796,
        1.6152499914169312,
        1.5983870029449463,
        1.5974948406219482,
        1.5976195335388184,
        1.5804811716079712,
        1.4608625173568726,
        1.3780053853988647,
        1.3884161710739136,
        1.396005630493164,
        1.3971292972564697,
        1.3965387344360352,
        1.3738298416137695,
        1.33270263671875,
        1.3835023641586304,
        1.4425262212753296,
        1.4482487440109253,
        1.4483600854873657,
        1.4482262134552002,
        1.4483128786087036
      ],
      "energy_cost": [
        -3.7761902809143066,
        -5.306630611419678,
        -5.299064636230469,
        -6.870024681091309,
        -3.7009780406951904,
        -5.135510444641113,
        -3.2271294593811035,
        -3.4254963397979736,
        -4.1932454109191895,
        -4.119370937347412,
        -3.8438594341278076,
        -3.5428671836853027,
        -4.037270545959473,
        -3.728916883468628,
        -3.373481035232544,
        -1.5483543872833252,
        -2.2524654865264893,
        -2.679497003555298,
        -3.721750259399414,
        -2.5754146575927734,
        -3.5186686515808105,
        -1.4176504611968994,
        -2.228334903717041,
        -4.372228622436523,
        -3.8941216468811035,
        -3.4575061798095703,
        -2.4844679832458496,
        -1.7874298095703125,
        -2.97883939743042,
        -4.653470039367676,
        -3.510385513305664,
        -2.42242169380188,
        -2.562654495239258,
        -2.3941168785095215,
        -3.5446064472198486,
        -3.2125630378723145,
        -3.140601634979248,
        -5.058797359466553,
        -2.6057515144348145,
        -2.415458917617798,
        -5.647745609283447,
        -2.89239239692688,
        -2.8746228218078613,
        -4.210205078125,
        -4.443105220794678,
        -4.916069984436035,
        -4.582669258117676,
        -4.122590065002441,
        -4.339727401733398,
        -4.457379341125488,
        -4.393980979919434,
        -4.000978946685791,
        -1.6293306350708008,
        -1.5780998468399048,
        -2.102818012237549,
        -1.9403434991836548,
        -2.879603385925293,
        -4.028478145599365,
        -6.044590950012207,
        -4.0670976638793945,
        -4.97020149230957,
        -3.195277214050293,
        -3.463109254837036,
        -3.4439690113067627,
        -2.2328615188598633,
        -2.2688028812408447,
        -2.925199270248413,
        -3.3615431785583496,
        -4.059276580810547,
        -1.8537089824676514,
        -2.565796375274658,
        -3.7851593494415283,
        -2.1540722846984863,
        -1.8099138736724854,
        -1.8847986459732056,
        -2.6316933631896973,
        -2.204463005065918,
        -2.158850908279419,
        -2.975752115249634,
        -2.3788790702819824,
        -3.9679107666015625
      ],