{
  "audit_input": {
    "video_path": "",
    "task_goal": "make the humanoid run forward while remaining upright and balanced",
    "available_components": [
      "forward_velocity",
      "energy_cost",
      "alive_bonus",
      "healthy_pose",
      "contact_force_penalty",
      "forward_displacement"
    ],
    "current_weights": {
      "forward_velocity": 1.0,
      "energy_cost": 0.1,
      "alive_bonus": 5.0,
      "healthy_pose": 0.0,
      "contact_force_penalty": 1.0,
      "forward_displacement": 0.0
    },
    "frame_descriptions": null,
    "reward_log": [
      4.580417633056641,
      4.580310821533203,
      4.630117893218994,
      4.605000972747803,
      4.711094856262207,
      4.670008659362793,
      4.524498462677002,
      4.7467498779296875,
      4.774485111236572,
      4.867493152618408,
      4.435778617858887,
      4.666556358337402,
      5.013716220855713,
      5.134039878845215,
      5.338857173919678,
      5.161731243133545,
      5.2422356605529785,
      5.063507080078125,
      5.318903923034668,
      5.038527488708496,
      4.964293003082275,
      5.2142720222473145,
      5.118960380554199,
      5.12186336517334,
      4.91515588760376,
      4.956195831298828,
      4.95358419418335,
      4.860041618347168,
      4.995667457580566,
      4.6627349853515625,
      5.051164627075195,
      4.907218933105469,
      4.960824489593506,
      4.919096946716309,
      4.954103946685791,
      4.84063196182251,
      4.823311805725098,
      4.837869167327881,
      4.894552230834961,
      4.812245845794678,
      5.0924882888793945,
      4.947550296783447,
      4.749764919281006,
      4.873727321624756,
      4.89552640914917,
      4.931500434875488,
      4.884939670562744,
      4.990372657775879,
      5.119643211364746,
      4.994994163513184,
      5.067822456359863,
      5.257543563842773,
      5.140191078186035,
      5.298097133636475,
      5.156422138214111,
      5.243133544921875,
      5.20059061050415,
      5.073408126831055,
      5.024799823760986,
      5.1064653396606445,
      5.053603649139404,
      5.175149440765381,
      4.957767009735107,
      5.109477519989014,
      4.892329692840576,
      5.232281684875488,
      5.027256488800049,
      4.817224502563477,
      5.343959808349609,
      5.273931503295898,
      5.1436686515808105,
      4.885021686553955,
      5.246644973754883,
      5.265331268310547,
      5.24289608001709,
      5.102454662322998,
      5.11538028717041,
      4.985764026641846,
      4.813941955566406,
      5.392673015594482,
      5.094202518463135,
      5.233608245849609,
      5.245974540710449,
      5.261838912963867,
      5.368587493896484,
      5.343906402587891,
      5.382795810699463,
      5.305498123168945,
      5.416965007781982,
      5.237987041473389,
      5.413607120513916,
      5.346087455749512,
      4.976715087890625,
      5.236744403839111,
      5.287007808685303,
      5.354254245758057,
      5.379396915435791,
      5.354308128356934,
      5.416719913482666,
      5.391259670257568,
      5.302980422973633,
      5.196608543395996,
      5.139596939086914,
      5.108776092529297,
      5.066065311431885,
      5.030012130737305,
      0.05791305750608444
    ],
    "component_log": {
      "forward_velocity": [
        0.0147792287170887,
        0.014803056605160236,
        0.014821501448750496,
        0.014967404305934906,
        0.014940520748496056,
        0.01464545913040638,
        0.015168479643762112,
        0.015171140432357788,
        0.015422584488987923,
        0.01532452180981636,
        0.015299797058105469,
        0.12277202308177948,
        0.359772264957428,
        0.5046415328979492,
        0.5857753157615662,
        0.6025654673576355,
        0.5972756147384644,
        0.5998521447181702,
        0.5993236899375916,
        0.5995819568634033,
        0.5943779945373535,
        0.5911360383033752,
        0.580272376537323,
        0.5561777949333191,
        0.36777564883232117,
        0.34393924474716187,
        0.35624784231185913,
        0.35462674498558044,
        0.3076815903186798,
        0.2648695707321167,
        0.2702387869358063,
        0.2787136733531952,
        0.25163930654525757,
        0.2356475591659546,
        0.26606884598731995,
        0.29050636291503906,
        0.30200690031051636,
        0.3092437982559204,
        0.2714437246322632,
        0.2679767906665802,
        0.2696951627731323,
        0.270483136177063,
        0.22492077946662903,
        0.1659432351589203,
        0.15271632373332977,
        0.1781505048274994,
        0.25679200887680054,
        0.3290737271308899,
        0.3271229565143585,
        0.3368680775165558,
        0.34436291456222534,
        0.43401777744293213,
        0.45918145775794983,
        0.46040627360343933,
        0.48381632566452026,
        0.5121760368347168,
        0.509235680103302,
        0.48955315351486206,
        0.48705917596817017,
        0.494767963886261,
        0.47133371233940125,
        0.44360607862472534,
        0.4413725435733795,
        0.44948962330818176,
        0.45801275968551636,
        0.43484053015708923,
        0.4316605031490326,
        0.4345952868461609,
        0.495085746049881,
        0.5202178955078125,
        0.5522639751434326,
        0.5929325222969055,
        0.6421913504600525,
        0.6948928236961365,
        0.7139632701873779,
        0.7140868306159973,
        0.669334352016449,
        0.6430442929267883,
        0.6660482883453369,
        0.6621155738830566,
        0.5659661293029785,
        0.5600672364234924,
        0.5927050113677979,
        0.6510083079338074,
        0.6926282644271851,
        0.6917892694473267,
        0.6920509934425354,
        0.6901443004608154,
        0.6316714882850647,
        0.6079590320587158,
        0.6244975328445435,
        0.6241199970245361,
        0.6248461604118347,
        0.624578595161438,
        0.6247396469116211,
        0.6245196461677551,
        0.6248050332069397,
        0.6246873140335083,
        0.6244761943817139,
        0.624675452709198,
        0.5524448156356812,
        0.45677128434181213,
        0.3993924558162689,
        0.39327043294906616,
        0.388571172952652,
        0.3068617284297943,
        0.3329117000102997
      ],