{
  "audit_input": {
    "video_path": "data/reweight_rollouts/humanoid_v1_ground_truth_seed0/iter_0/episode_2/video.mp4",
    "task_goal": "make the humanoid run forward while remaining upright and balanced",
    "available_components": [
      "forward_velocity",
      "energy_cost",
      "alive_bonus",
      "healthy_pose",
      "contact_force_penalty",
      "forward_displacement"
    ],
    "current_weights": {
      "forward_velocity": 1.0,
      "energy_cost": 0.1,
      "alive_bonus": 5.0,
      "healthy_pose": 0.0,
      "contact_force_penalty": 1.0,
      "forward_displacement": 0.0
    },
    "frame_descriptions": [
      "The agent stands upright with arms bent, hands near the chest, and feet flat on the ground.",
      "It begins to lean forward slightly, extending its arms forward and slightly downward.",
      "The agent leans further forward at the hips, and its right leg starts to lift and bend at the knee.",
      "Its upper body continues to tilt forward, with arms extended, while the right leg lifts higher.",
      "The agent's torso is now nearly horizontal, with arms outstretched, balancing on its straight left leg.",
      "It loses balance, falling forward with its upper body dropping below horizontal, and the left leg begins to bend.",
      "The agent is actively falling, with its body angled sharply downwards and arms still extended forward.",
      "The agent has fallen completely, lying prone and stretched out on the checkered ground."
    ],
    "reward_log": [
      4.535468101501465,
      4.63492488861084,
      4.608368396759033,
      4.464127063751221,
      4.691355228424072,
      4.7121195793151855,
      4.545711517333984,
      4.60391902923584,
      4.363839149475098,
      4.629271030426025,
      4.502355575561523,
      4.43337345123291,
      4.381376266479492,
      4.613587856292725,
      4.572181224822998,
      4.529961109161377,
      4.599472522735596,
      4.621276378631592,
      4.490764141082764,
      4.773382663726807,
      4.50184965133667,
      4.524162292480469,
      4.70852518081665,
      4.459192752838135,
      4.537569522857666,
      4.573658466339111,
      4.715355396270752,
      4.679932117462158,
      4.491815567016602,
      4.7276201248168945,
      4.63655424118042,
      4.608049392700195,
      4.885334491729736,
      4.758124828338623,
      4.809481620788574,
      4.66411828994751,
      4.322364807128906,
      4.7435503005981445,
      4.142387866973877,
      4.640480041503906,
      4.582686424255371,
      4.440296649932861,
      4.657209396362305,
      4.6934285163879395,
      4.492000102996826,
      4.599606513977051,
      4.298337936401367,
      4.654341697692871,
      4.675400733947754,
      4.604912757873535,
      4.540674209594727,
      4.376653671264648,
      4.394996643066406,
      4.664741516113281,
      4.716928958892822,
      4.6491804122924805,
      4.094943046569824,
      4.275378227233887,
      4.340665817260742,
      4.480531215667725,
      4.467948913574219,
      4.0287041664123535,
      4.492776870727539,
      4.319820880889893,
      4.364495754241943,
      4.4501471519470215,
      4.26688814163208,
      4.4081854820251465,
      4.256407737731934,
      4.167142391204834,
      3.9381799697875977,
      3.841806173324585,
      3.8132431507110596,
      3.9119982719421387,
      3.87090802192688,
      3.7310469150543213,
      3.7060635089874268,
      3.6578938961029053,
      3.553708791732788,
      -1.3890793323516846
    ],
    "component_log": {
      "forward_velocity": [
        -0.0020081994589418173,
        -0.002020727377384901,
        -0.0020161569118499756,
        -0.0020027649588882923,
        -0.0019691898487508297,
        -0.0017342956271022558,
        -0.0021867030300199986,
        -0.0014418363571166992,
        -0.0022570837754756212,
        -0.0017344459192827344,
        -0.007453429512679577,
        -0.07670069485902786,
        -0.12140698730945587,
        -0.09283866733312607,
        -0.02310515195131302,
        -0.005254335701465607,
        0.011284884065389633,
        0.010743788443505764,
        0.010904145427048206,
        0.0039624241180717945,
        -0.03554641082882881,
        -0.06624701619148254,
        -0.061556730419397354,
        -0.06121540442109108,
        -0.07520908117294312,
        -0.015831122174859047,
        -0.029505204409360886,
        -0.00048423712723888457,
        -0.0018502522725611925,
        0.049491312354803085,
        0.08509570360183716,
        0.0943501740694046,
        0.13287292420864105,
        0.15415576100349426,
        0.16477836668491364,
        0.10933183133602142,
        0.03110175020992756,
        0.0035553351044654846,
        -0.021541226655244827,
        -0.02260579727590084,
        -0.028384730219841003,
        -0.03592135012149811,
        -0.060749173164367676,
        -0.07191230356693268,
        -0.09641973674297333,
        -0.0951739102602005,
        -0.047694217413663864,
        -0.0037333497311919928,
        -0.0012114821001887321,
        -0.047470707446336746,
        -0.04729035869240761,
        -0.05593903362751007,
        -0.07509566098451614,
        -0.04360465332865715,
        -0.04084105044603348,
        -0.09714146703481674,
        -0.18033427000045776,
        -0.2527044117450714,
        -0.3373086452484131,
        -0.33291304111480713,
        -0.2878481149673462,
        -0.27675747871398926,
        -0.335087388753891,
        -0.3468681573867798,
        -0.34689924120903015,
        -0.34699109196662903,
        -0.3469536602497101,
        -0.3853616714477539,
        -0.5136610269546509,
        -0.601712703704834,
        -0.6278731822967529,
        -0.6461836695671082,
        -0.7275558114051819,
        -0.8041905164718628,
        -0.8584101796150208,
        -0.8961364030838013,
        -0.9332135319709778,
        -0.9919731020927429,
        -1.0538452863693237,
        -1.0741798877716064
      ],