{
  "audit_input": {
    "video_path": "",
    "task_goal": "make the humanoid run forward while remaining upright and balanced",
    "available_components": [
      "forward_velocity",
      "energy_cost",
      "alive_bonus",
      "healthy_pose",
      "contact_force_penalty",
      "forward_displacement"
    ],
    "current_weights": {
      "forward_velocity": 1.0,
      "energy_cost": 0.0,
      "alive_bonus": 0.0,
      "healthy_pose": 0.0,
      "contact_force_penalty": 0.0,
      "forward_displacement": 0.0
    },
    "frame_descriptions": null,
    "reward_log": [
      -0.0020013265311717987,
      -0.002214864594861865,
      -0.00179347675293684,
      -0.0023282410111278296,
      -0.001862608245573938,
      -0.002410152228549123,
      -0.001971928868442774,
      -0.002754277316853404,
      -0.0020291332621127367,
      -0.002613604301586747,
      -0.0023452427703887224,
      -0.002355253789573908,
      0.18502262234687805,
      0.4468103051185608,
      0.658725380897522,
      0.8523593544960022,
      0.9922583699226379,
      1.0437119007110596,
      1.0324901342391968,
      1.0480670928955078,
      1.0545408725738525,
      1.0466004610061646,
      0.9673376083374023,
      0.9531757235527039,
      1.0139648914337158,
      1.0568771362304688,
      1.1499663591384888,
      1.186901569366455,
      1.2317043542861938,
      1.3100725412368774,
      1.3795892000198364,
      1.4730315208435059,
      1.5806471109390259,
      1.688035488128662,
      1.7949639558792114,
      1.8995262384414673,
      2.0072431564331055,
      2.1100809574127197,
      2.1292107105255127,
      2.1269567012786865,
      2.1097629070281982,
      1.9873696565628052,
      1.8918333053588867,
      1.8862552642822266,
      1.8864350318908691,
      1.881509780883789,
      1.8064427375793457,
      1.8140681982040405,
      1.8688913583755493,
      1.869234561920166,
      1.869540810585022,
      1.8690537214279175,
      1.869144320487976,
      1.868871808052063,
      1.8653517961502075,
      1.8555254936218262,
      1.9867626428604126
    ],
    "component_log": {
      "forward_velocity": [
        -0.0020013265311717987,
        -0.002214864594861865,
        -0.00179347675293684,
        -0.0023282410111278296,
        -0.001862608245573938,
        -0.002410152228549123,
        -0.001971928868442774,
        -0.002754277316853404,
        -0.0020291332621127367,
        -0.002613604301586747,
        -0.0023452427703887224,
        -0.002355253789573908,
        0.18502262234687805,
        0.4468103051185608,
        0.658725380897522,
        0.8523593544960022,
        0.9922583699226379,
        1.0437119007110596,
        1.0324901342391968,
        1.0480670928955078,
        1.0545408725738525,
        1.0466004610061646,
        0.9673376083374023,
        0.9531757235527039,
        1.0139648914337158,
        1.0568771362304688,
        1.1499663591384888,
        1.186901569366455,
        1.2317043542861938,
        1.3100725412368774,
        1.3795892000198364,
        1.4730315208435059,
        1.5806471109390259,
        1.688035488128662,
        1.7949639558792114,
        1.8995262384414673,
        2.0072431564331055,
        2.1100809574127197,
        2.1292107105255127,
        2.1269567012786865,
        2.1097629070281982,
        1.9873696565628052,
        1.8918333053588867,
        1.8862552642822266,
        1.8864350318908691,
        1.881509780883789,
        1.8064427375793457,
        1.8140681982040405,
        1.8688913583755493,
        1.869234561920166,
        1.869540810585022,
        1.8690537214279175,
        1.869144320487976,
        1.868871808052063,
        1.8653517961502075,
        1.8555254936218262,
        1.9867626428604126
      ],
      "energy_cost": [
        -6.034818172454834,
        -4.318159580230713,
        -4.719357967376709,
        -3.915811061859131,
        -4.494273662567139,
        -4.0101518630981445,
        -4.377431392669678,
        -2.9720587730407715,
        -3.540699005126953,
        -2.0667970180511475,
        -3.6551661491394043,
        -2.388366222381592,
        -4.591823101043701,
        -3.7013607025146484,
        -3.2650115489959717,
        -3.512028217315674,
        -3.14613676071167,
        -3.639643430709839,
        -2.9766712188720703,
        -2.4412264823913574,
        -6.206909656524658,
        -2.977158784866333,
        -3.099773645401001,
        -3.7618777751922607,
        -1.8889020681381226,
        -4.238677978515625,
        -3.400580644607544,
        -3.777973175048828,
        -3.7674999237060547,
        -2.8507511615753174,
        -3.3683547973632812,
        -3.774704694747925,
        -4.41628885269165,
        -2.8825931549072266,
        -2.701953887939453,
        -2.590548515319824,
        -2.349125385284424,
        -2.4130237102508545,
        -1.3532758951187134,
        -3.5838351249694824,
        -1.3647725582122803,
        -1.9278100728988647,
        -2.4905238151550293,
        -1.2472022771835327,
        -1.8208224773406982,
        -1.3961217403411865,
        -3.2775778770446777,
        -3.933659315109253,
        -2.282534122467041,
        -1.9736229181289673,
        -2.2402451038360596,
        -0.9043075442314148,
        -2.9163308143615723,
        -2.460247755050659,
        -2.7066845893859863,
        -5.06419038772583,
        -3.02833890914917
      ],
      "alive_bonus": [
        1.0,
        1.0,
        1.0,
        1.0,
        1.0,
        1.0,
        1.0,
        1.0,
        1.0,
        1.0,
        1.0,
        1.0,
        1.0,
        1.0,
        1.0,
        1.0,
        1.0,
        1.0,
        1.0,
        1.0,
        1.0,
        1.0,
        1.0,
        1.0,
        1.0,
        1.0,
        1.0,
        1.0,
        1.0,
        1.0,
        1.0,
        1.0,
        1.0,
        1.0,
        1.0,
        1.0,
        1.0,
        1.0,
        1.0,
        1.0,
        1.0,
        1.0,
        1.0,
        1.0,
        1.0,
        1.0,
        1.0,
        1.0,
        1.0,
        1.0,
        1.0,
        1.0,
        1.0,
        1.0,
        1.0,
        1.0,
        0.0
      ],
      "healthy_pose": [
        1.0,
        1.0,
        1.0,
        1.0,
        1.0,
        1.0,
        1.0,
        1.0,
        1.0,
        1.0,
        1.0,
        1.0,
        1.0,
        1.0,
        1.0,
        1.0,
        1.0,
        1.0,
        1.0,
        1.0,
        1.0,
        1.0,
        1.0,
        1.0,
        1.0,
        1.0,
        1.0,
        1.0,
        1.0,
        1.0,
        1.0,
        1.0,
        1.0,
        1.0,
        1.0,
        1.0,
        1.0,
        1.0,
        1.0,
        1.0,
        1.0,
        1.0,
        1.0,
        1.0,
        1.0,
        1.0,
        1.0,
        1.0,
        1.0,
        1.0,
        1.0,
        1.0,
        1.0,
        1.0,
        1.0,
        1.0,
        0.0
      ],