{
  "audit_input": {
    "video_path": "",
    "task_goal": "make the humanoid run forward while remaining upright and balanced",
    "available_components": [
      "forward_velocity",
      "energy_cost",
      "alive_bonus",
      "healthy_pose",
      "contact_force_penalty",
      "forward_displacement"
    ],
    "current_weights": {
      "forward_velocity": 1.0,
      "energy_cost": 0.1,
      "alive_bonus": 5.0,
      "healthy_pose": 0.0,
      "contact_force_penalty": 1.0,
      "forward_displacement": 0.0
    },
    "frame_descriptions": null,
    "reward_log": [
      4.549724578857422,
      4.730816841125488,
      4.4809699058532715,
      4.660728454589844,
      4.748729228973389,
      4.603777885437012,
      4.7543487548828125,
      4.632289886474609,
      4.614367485046387,
      4.747148513793945,
      4.452550411224365,
      4.609945774078369,
      4.6374030113220215,
      4.647385597229004,
      4.421386241912842,
      4.539150238037109,
      4.737158298492432,
      4.70611047744751,
      4.750398635864258,
      4.793335914611816,
      4.688762664794922,
      4.8412580490112305,
      4.892621994018555,
      4.707133769989014,
      4.6563334465026855,
      4.56952428817749,
      4.724149703979492,
      4.788046360015869,
      5.048953056335449,
      4.960344314575195,
      5.174109935760498,
      5.142518997192383,
      5.034862041473389,
      5.067804336547852,
      4.9367828369140625,
      5.118720531463623,
      5.102798938751221,
      5.062140941619873,
      5.1226301193237305,
      5.248344898223877,
      5.050601959228516,
      5.109047889709473,
      5.253952980041504,
      5.286315441131592,
      5.163684368133545,
      5.197114944458008,
      5.215773105621338,
      5.303116798400879,
      5.397876262664795,
      5.404828071594238,
      5.347319602966309,
      5.26720666885376,
      5.161971092224121,
      5.422721862792969,
      5.446014404296875,
      5.378811359405518,
      5.342068195343018,
      5.344347953796387,
      5.363206386566162,
      5.403138160705566,
      5.394423007965088,
      5.602186679840088,
      5.664337158203125,
      5.417298793792725,
      5.509337902069092,
      5.632039546966553,
      5.646051406860352,
      5.625180244445801,
      5.685374736785889,
      5.680722236633301,
      5.659921646118164,
      0.6171956658363342
    ],
    "component_log": {
      "forward_velocity": [
        0.0019355274271219969,
        0.0019276328384876251,
        0.0018358157249167562,
        0.0017940601101145148,
        0.002087484346702695,
        0.0020620403811335564,
        0.0022007126826792955,
        0.0019830293022096157,
        0.00180843158159405,
        0.0017113600624725223,
        -0.03702379763126373,
        -0.058436598628759384,
        -0.09774377197027206,
        -0.14385323226451874,
        -0.11330468952655792,
        -0.03529312461614609,
        0.04464304819703102,
        0.09728693962097168,
        0.15413767099380493,
        0.21138791739940643,
        0.21088621020317078,
        0.18109580874443054,
        0.14208723604679108,
        0.09509368985891342,
        -0.0068493434228003025,
        0.0012589053949341178,
        0.12170378863811493,
        0.15331274271011353,
        0.20219433307647705,
        0.3415081202983856,
        0.3953280746936798,
        0.3563272953033447,
        0.33230552077293396,
        0.32839909195899963,
        0.3817135989665985,
        0.43418240547180176,
        0.4012012183666229,
        0.392559289932251,
        0.44805780053138733,
        0.4708945155143738,
        0.45581889152526855,
        0.4745253324508667,
        0.5123475193977356,
        0.5590402483940125,
        0.5679770708084106,
        0.5488603711128235,
        0.5699392557144165,
        0.6589381694793701,
        0.7386147975921631,
        0.7576400637626648,
        0.7536553144454956,
        0.7509056329727173,
        0.6894012093544006,
        0.6503989696502686,
        0.6393169164657593,
        0.6539714932441711,
        0.6838401556015015,
        0.6837738156318665,
        0.710629403591156,
        0.723819375038147,
        0.7985948920249939,
        0.8938468098640442,
        0.8987348079681396,
        0.9340539574623108,
        0.9239251613616943,
        0.9068880081176758,
        0.9065092206001282,
        0.9092363715171814,
        0.9627329707145691,
        1.0017362833023071,
        1.0020991563796997,
        1.0021919012069702
      ],
      "energy_cost": [
        -4.522109031677246,
        -2.711108684539795,
        -5.208657741546631,
        -3.4106545448303223,
        -2.5335822105407715,
        -3.9828391075134277,
        -2.478517532348633,
        -3.696930408477783,
        -3.8744094371795654,
        -2.5456061363220215,
        -5.104253768920898,
        -3.316176652908325,
        -2.648529529571533,
        -2.087606906890869,
        -4.653088569641113,
        -4.2555646896362305,
        -3.0748462677001953,
        -3.9117655754089355,
        -4.03739070892334,
        -4.1805219650268555,
        -5.2212347984313965,
        -3.398376941680908,
        -2.4946517944335938,
        -3.879594326019287,
        -3.3681697845458984,
        -4.3173441886901855,
        -3.9755406379699707,
        -3.652662992477417,
        -1.532411813735962,
        -3.8116366863250732,
        -2.2121827602386475,
        -2.1380813121795654,
        -2.974432945251465,
        -2.6059460639953613,
        -4.449306488037109,
        -3.15461802482605,
        -2.9840214252471924,
        -3.304180145263672,
        -3.2542781829833984,
        -2.225496768951416,
        -4.0521674156188965,
        -3.6547703742980957,
        -2.583944797515869,
        -2.7272467613220215,
        -4.042928695678711,
        -3.5174553394317627,
        -3.541661024093628,
        -3.5582141876220703,
        -3.4073843955993652,
        -3.5281219482421875,
        -4.063355445861816,
        -4.836987495422363,
        -5.274301052093506,
        -2.276768445968628,
        -1.93302321434021,
        -2.7515993118286133,
        -3.4177207946777344,
        -3.3942596912384033,
        -3.474231004714966,
        -3.2068088054656982,
        -4.041717052459717,
        -2.9165985584259033,
        -2.34397292137146,
        -5.167549133300781,
        -4.145874977111816,
        -2.7484848499298096,
        -2.6045777797698975,
        -2.840559482574463,
        -2.7735836505889893,
        -3.2101387977600098,
        -3.4217746257781982,
        -3.8499629497528076
      ],
      "alive_bonus": [
        1.0,
        1.0,
        1.0,
        1.0,
        1.0,
        1.0,
        1.0,
        1.0,
        1.0,
        1.0,
        1.0,
        1.0,
        1.0,
        1.0,
        1.0,
        1.0,
        1.0,
        1.0,
        1.0,
        1.0,
        1.0,
        1.0,
        1.0,
        1.0,
        1.0,
        1.0,
        1.0,
        1.0,
        1.0,
        1.0,
        1.0,
        1.0,
        1.0,
        1.0,
        1.0,
        1.0,
        1.0,
        1.0,
        1.0,
        1.0,
        1.0,
        1.0,
        1.0,
        1.0,
        1.0,
        1.0,
        1.0,
        1.0,
        1.0,
        1.0,
        1.0,
        1.0,
        1.0,
        1.0,
        1.0,
        1.0,
        1.0,
        1.0,
        1.0,
        1.0,
        1.0,
        1.0,
        1.0,
        1.0,
        1.0,
        1.0,
        1.0,
        1.0,
        1.0,
        1.0,
        1.0,
        0.0
      ],