{
  "audit_input": {
    "video_path": "",
    "task_goal": "make the humanoid run forward while remaining upright and balanced",
    "available_components": [
      "forward_velocity",
      "energy_cost",
      "alive_bonus",
      "healthy_pose",
      "contact_force_penalty",
      "forward_displacement"
    ],
    "current_weights": {
      "forward_velocity": 10.0,
      "energy_cost": 0.1,
      "alive_bonus": 5.0,
      "healthy_pose": 0.0,
      "contact_force_penalty": 1.0,
      "forward_displacement": 0.0
    },
    "frame_descriptions": null,
    "reward_log": [
      4.604549407958984,
      4.445987701416016,
      4.4461822509765625,
      4.288760185241699,
      4.6039252281188965,
      4.508099555969238,
      4.626555442810059,
      4.614114284515381,
      4.491030693054199,
      4.630187511444092,
      5.050724983215332,
      7.000626564025879,
      8.501935005187988,
      9.099204063415527,
      9.33244800567627,
      9.909457206726074,
      9.888087272644043,
      10.631355285644531,
      10.976694107055664,
      11.526666641235352,
      11.61590576171875,
      12.273374557495117,
      12.70896053314209,
      12.654555320739746,
      12.980198860168457,
      13.370999336242676,
      13.382791519165039,
      13.3932466506958,
      13.946179389953613,
      14.01797866821289,
      13.588961601257324,
      13.223910331726074,
      13.482181549072266,
      13.696484565734863,
      13.705153465270996,
      13.697429656982422,
      13.744091987609863,
      14.455780029296875,
      14.699225425720215,
      14.60141372680664,
      14.690292358398438,
      14.618162155151367,
      14.638352394104004,
      14.60333251953125,
      14.657756805419922,
      14.62470531463623,
      14.558621406555176,
      14.446085929870605,
      14.9204740524292,
      15.935537338256836,
      17.718637466430664,
      19.204439163208008,
      19.313434600830078,
      19.433671951293945,
      19.83172607421875,
      20.317352294921875,
      20.830013275146484,
      21.17388343811035,
      21.774072647094727,
      22.262901306152344,
      22.31934928894043,
      22.359621047973633,
      23.11421012878418,
      23.286121368408203,
      23.055021286010742,
      23.131637573242188,
      22.98917007446289,
      22.45978546142578,
      22.658428192138672,
      24.11266326904297,
      24.878986358642578,
      25.032360076904297,
      25.040525436401367,
      24.976341247558594,
      25.437515258789062,
      26.28399085998535,
      26.836627960205078,
      26.67293357849121,
      26.840988159179688,
      26.859548568725586,
      26.79676628112793,
      26.773717880249023,
      26.805091857910156,
      26.783985137939453,
      26.83393669128418,
      26.85401725769043,
      26.834959030151367,
      26.806997299194336,
      26.810338973999023,
      26.82221031188965,
      26.79718589782715,
      26.758562088012695,
      21.754695892333984
    ],
    "component_log": {
      "forward_velocity": [
        -0.0020009977743029594,
        -0.002030047122389078,
        -0.002102169208228588,
        -0.002135354094207287,
        -0.0024514165706932545,
        -0.0028422721661627293,
        -0.0033290355931967497,
        -0.003570035332813859,
        -0.003361986018717289,
        -0.0035118800587952137,
        0.04808255285024643,
        0.23894003033638,
        0.39254721999168396,
        0.4411551058292389,
        0.4674866199493408,
        0.5179137587547302,
        0.5321279168128967,
        0.5881199240684509,
        0.6273592114448547,
        0.6734184622764587,
        0.7002492547035217,
        0.7625200748443604,
        0.7953049540519714,
        0.7879959344863892,
        0.8236870169639587,
        0.8885006904602051,
        0.8657408952713013,
        0.8638205528259277,
        0.9158035516738892,
        0.9349614381790161,
        0.8797855377197266,
        0.8503163456916809,
        0.8704965114593506,
        0.8865203857421875,
        0.8895524740219116,
        0.8930812478065491,
        0.9176863431930542,
        0.9667361974716187,
        0.9964434504508972,
        0.9915890693664551,
        0.991239070892334,
        0.9916735887527466,
        0.9911624193191528,
        0.9916450381278992,
        0.9909961819648743,
        0.9911285638809204,
        0.9910793304443359,
        0.9911031723022461,
        1.0164545774459839,
        1.1426314115524292,
        1.3101329803466797,
        1.4490689039230347,
        1.4560511112213135,
        1.4622039794921875,
        1.510697603225708,
        1.5687248706817627,
        1.616365671157837,
        1.6581698656082153,
        1.7254375219345093,
        1.7628029584884644,
        1.764066457748413,
        1.7961924076080322,
        1.8403687477111816,
        1.8461095094680786,
        1.8342708349227905,
        1.8343998193740845,
        1.8334639072418213,
        1.7875885963439941,
        1.8222602605819702,
        1.9412946701049805,
        2.026142120361328,
        2.038753032684326,
        2.039304733276367,
        2.0354971885681152,
        2.0648815631866455,
        2.157935619354248,
        2.2066187858581543,
        2.205493211746216,
        2.2046773433685303,
        2.204425811767578,
        2.204367160797119,
        2.2040627002716064,
        2.2039730548858643,
        2.2041356563568115,
        2.203914165496826,
        2.2039308547973633,
        2.2039027214050293,
        2.2039527893066406,
        2.203806161880493,
        2.203883647918701,
        2.2036752700805664,
        2.203193187713623,
        2.2044119834899902
      ],