{
  "audit_input": {
    "video_path": "data/reweight_rollouts/humanoid_v4_blatant_seed0/iter_0/episode_0/video.mp4",
    "task_goal": "make the humanoid run forward while remaining upright and balanced",
    "available_components": [
      "forward_velocity",
      "energy_cost",
      "alive_bonus",
      "healthy_pose",
      "contact_force_penalty",
      "forward_displacement"
    ],
    "current_weights": {
      "forward_velocity": 1.0,
      "energy_cost": 0.0,
      "alive_bonus": 0.0,
      "healthy_pose": 0.0,
      "contact_force_penalty": 0.0,
      "forward_displacement": 0.0
    },
    "frame_descriptions": [
      "The agent stands upright, then begins to bend its right knee and lift its left foot slightly, while its left arm moves forward.",
      "The agent continues to bend its right knee, shifting its weight, with its left leg extending backward and left arm forward.",
      "The agent's right leg is deeply bent, supporting its weight, as the left leg lifts off the ground and swings back.",
      "The agent is in a deep lunge on its right leg, with the left leg bent high behind it and arms in a running posture.",
      "The agent straightens its right leg, bringing the left leg down to the ground, returning to an upright stance.",
      "The agent stands momentarily with both feet on the ground, appearing stable and upright.",
      "The agent then bends its left knee, lifting its right foot, and leans forward, initiating another step.",
      "The agent's left leg buckles, and it falls forward onto its hands and knees, failing to maintain balance."
    ],
    "reward_log": [
      0.0019402647158131003,
      0.001710390206426382,
      0.0021479232236742973,
      0.0016514684539288282,
      0.001978094456717372,
      0.00164959451649338,
      0.001537482370622456,
      0.0022018731106072664,
      0.001418168656527996,
      0.0016545848920941353,
      0.001785441767424345,
      0.07699885964393616,
      0.43606576323509216,
      0.6965934634208679,
      0.8604748249053955,
      0.922086775302887,
      0.9147466421127319,
      0.9412589073181152,
      0.9503435492515564,
      0.9156724810600281,
      0.9369698762893677,
      1.0643926858901978,
      1.1091593503952026,
      1.0877187252044678,
      1.0973790884017944,
      1.137344479560852,
      1.1631768941879272,
      1.1745136976242065,
      1.2223329544067383,
      1.2633378505706787,
      1.229251742362976,
      1.2921167612075806,
      1.3582534790039062,
      1.416936993598938,
      1.4727108478546143,
      1.519034743309021,
      1.5824239253997803,
      1.6071879863739014,
      1.6066750288009644,
      1.6068415641784668,
      1.6066054105758667,
      1.6062757968902588,
      1.6075431108474731,
      1.606180191040039,
      1.6059935092926025,
      1.6068861484527588,
      1.6340492963790894,
      1.6762850284576416,
      1.727676510810852,
      1.7441548109054565,
      1.7168593406677246,
      1.6876468658447266,
      1.6880242824554443,
      1.6856850385665894,
      1.6825382709503174,
      1.6798352003097534,
      1.604362964630127,
      1.5857315063476562,
      1.5860307216644287,
      1.601955771446228,
      1.64381742477417,
      1.687409520149231,
      1.7069313526153564,
      1.7719308137893677,
      1.834703803062439,
      1.9099414348602295,
      1.971082329750061,
      1.9087731838226318,
      1.8955713510513306,
      1.9157898426055908,
      1.9111136198043823,
      1.9293239116668701,
      2.0240769386291504,
      2.1006693840026855,
      2.081942558288574,
      2.022871732711792,
      2.0233068466186523,
      2.0381715297698975,
      2.036153554916382,
      2.050966739654541,
      2.050062417984009,
      2.0345828533172607,
      1.992342472076416,
      1.9900456666946411
    ],
    "component_log": {
      "forward_velocity": [
        0.0019402647158131003,
        0.001710390206426382,
        0.0021479232236742973,
        0.0016514684539288282,
        0.001978094456717372,
        0.00164959451649338,
        0.001537482370622456,
        0.0022018731106072664,
        0.001418168656527996,
        0.0016545848920941353,
        0.001785441767424345,
        0.07699885964393616,
        0.43606576323509216,
        0.6965934634208679,
        0.8604748249053955,
        0.922086775302887,
        0.9147466421127319,
        0.9412589073181152,
        0.9503435492515564,
        0.9156724810600281,
        0.9369698762893677,
        1.0643926858901978,
        1.1091593503952026,
        1.0877187252044678,
        1.0973790884017944,
        1.137344479560852,
        1.1631768941879272,
        1.1745136976242065,
        1.2223329544067383,
        1.2633378505706787,
        1.229251742362976,
        1.2921167612075806,
        1.3582534790039062,
        1.416936993598938,
        1.4727108478546143,
        1.519034743309021,
        1.5824239253997803,
        1.6071879863739014,
        1.6066750288009644,
        1.6068415641784668,
        1.6066054105758667,
        1.6062757968902588,
        1.6075431108474731,
        1.606180191040039,
        1.6059935092926025,
        1.6068861484527588,
        1.6340492963790894,
        1.6762850284576416,
        1.727676510810852,
        1.7441548109054565,
        1.7168593406677246,
        1.6876468658447266,
        1.6880242824554443,
        1.6856850385665894,
        1.6825382709503174,
        1.6798352003097534,
        1.604362964630127,
        1.5857315063476562,
        1.5860307216644287,
        1.601955771446228,
        1.64381742477417,
        1.687409520149231,
        1.7069313526153564,
        1.7719308137893677,
        1.834703803062439,
        1.9099414348602295,
        1.971082329750061,
        1.9087731838226318,
        1.8955713510513306,
        1.9157898426055908,
        1.9111136198043823,
        1.9293239116668701,
        2.0240769386291504,
        2.1006693840026855,
        2.081942558288574,
        2.022871732711792,
        2.0233068466186523,
        2.0381715297698975,
        2.036153554916382,
        2.050966739654541,
        2.050062417984009,
        2.0345828533172607,
        1.992342472076416,
        1.9900456666946411
      ],