{
  "audit_input": {
    "video_path": "data/reweight_rollouts/humanoid_v4_blatant_seed0/iter_0/episode_1/video.mp4",
    "task_goal": "make the humanoid run forward while remaining upright and balanced",
    "available_components": [
      "forward_velocity",
      "energy_cost",
      "alive_bonus",
      "healthy_pose",
      "contact_force_penalty",
      "forward_displacement"
    ],
    "current_weights": {
      "forward_velocity": 1.0,
      "energy_cost": 0.0,
      "alive_bonus": 0.0,
      "healthy_pose": 0.0,
      "contact_force_penalty": 0.0,
      "forward_displacement": 0.0
    },
    "frame_descriptions": [
      "The agent stands upright with both feet on the ground, arms bent at the elbows.",
      "The agent begins to lean forward, bending its knees and lifting its right foot slightly.",
      "The agent's right leg extends backward, and its left leg bends, preparing for a stride.",
      "The agent is in a mid-stride pose, with the left leg forward and the right leg back, arms bent.",
      "The agent takes a step with its left leg, bending it, while the right leg is extended behind.",
      "The agent leans sharply to its left, with its right leg extended forward and left leg bent.",
      "The agent continues to lean, appearing to lose balance, with its body angled significantly.",
      "The agent is almost horizontal, sliding on its left foot, indicating a fall rather than locomotion."
    ],
    "reward_log": [
      0.014812422916293144,
      0.014567604288458824,
      0.015005295164883137,
      0.014446713030338287,
      0.01496526412665844,
      0.014291726984083652,
      0.014914516359567642,
      0.01429731585085392,
      0.014631560072302818,
      0.014529608190059662,
      0.014288856647908688,
      0.014549016021192074,
      0.18728715181350708,
      0.4984287917613983,
      0.7415608167648315,
      0.9113361835479736,
      1.0482139587402344,
      1.1511276960372925,
      1.1658506393432617,
      1.134171485900879,
      1.1071957349777222,
      1.0753555297851562,
      1.0781054496765137,
      1.0768567323684692,
      1.0792075395584106,
      1.1721808910369873,
      1.2395578622817993,
      1.2550660371780396,
      1.2790184020996094,
      1.3307174444198608,
      1.4015562534332275,
      1.4782142639160156,
      1.533032774925232,
      1.5745913982391357,
      1.6437149047851562,
      1.7189995050430298,
      1.8131707906723022,
      1.866806149482727,
      1.8675873279571533,
      1.8670589923858643,
      1.867588996887207,
      1.8673121929168701,
      1.867201566696167,
      1.867461919784546,
      1.8662060499191284,
      1.8807462453842163,
      1.886893630027771,
      1.8894610404968262,
      1.9315016269683838,
      1.9698305130004883,
      1.9908783435821533,
      2.0902585983276367,
      2.1940743923187256,
      2.258410692214966,
      2.2648518085479736,
      2.228501319885254,
      2.157785654067993,
      2.1248371601104736,
      2.1231367588043213,
      2.123274087905884,
      2.1234185695648193,
      2.1178112030029297,
      2.057644844055176,
      1.970943808555603,
      1.915468692779541,
      1.888114333152771,
      1.8804161548614502,
      1.8808344602584839,
      1.910567045211792,
      1.9485119581222534,
      1.9853425025939941,
      2.00766921043396,
      2.047109842300415,
      2.1041805744171143,
      2.1695151329040527,
      2.234513282775879,
      2.292322874069214,
      2.336423873901367,
      2.38417649269104,
      2.454118490219116,
      2.5322928428649902,
      2.595041036605835,
      2.6174192428588867,
      2.6251466274261475,
      2.624382495880127,
      2.6245627403259277,
      2.6246421337127686,
      2.6244235038757324,
      2.6239891052246094,
      2.6233949661254883,
      2.622992992401123,
      2.557126522064209,
      2.4708728790283203,
      2.466085910797119,
      2.465691089630127,
      2.465322971343994,
      2.4335992336273193,
      2.4162662029266357,
      2.406998872756958
    ],
    "component_log": {
      "forward_velocity": [
        0.014812422916293144,
        0.014567604288458824,
        0.015005295164883137,
        0.014446713030338287,
        0.01496526412665844,
        0.014291726984083652,
        0.014914516359567642,
        0.01429731585085392,
        0.014631560072302818,
        0.014529608190059662,
        0.014288856647908688,
        0.014549016021192074,
        0.18728715181350708,
        0.4984287917613983,
        0.7415608167648315,
        0.9113361835479736,
        1.0482139587402344,
        1.1511276960372925,
        1.1658506393432617,
        1.134171485900879,
        1.1071957349777222,
        1.0753555297851562,
        1.0781054496765137,
        1.0768567323684692,
        1.0792075395584106,
        1.1721808910369873,
        1.2395578622817993,
        1.2550660371780396,
        1.2790184020996094,
        1.3307174444198608,
        1.4015562534332275,
        1.4782142639160156,
        1.533032774925232,
        1.5745913982391357,
        1.6437149047851562,
        1.7189995050430298,
        1.8131707906723022,
        1.866806149482727,
        1.8675873279571533,
        1.8670589923858643,
        1.867588996887207,
        1.8673121929168701,
        1.867201566696167,
        1.867461919784546,
        1.8662060499191284,
        1.8807462453842163,
        1.886893630027771,
        1.8894610404968262,
        1.9315016269683838,
        1.9698305130004883,
        1.9908783435821533,
        2.0902585983276367,
        2.1940743923187256,
        2.258410692214966,
        2.2648518085479736,
        2.228501319885254,
        2.157785654067993,
        2.1248371601104736,
        2.1231367588043213,
        2.123274087905884,
        2.1234185695648193,
        2.1178112030029297,
        2.057644844055176,
        1.970943808555603,
        1.915468692779541,
        1.888114333152771,
        1.8804161548614502,
        1.8808344602584839,
        1.910567045211792,
        1.9485119581222534,
        1.9853425025939941,
        2.00766921043396,
        2.047109842300415,
        2.1041805744171143,
        2.1695151329040527,
        2.234513282775879,
        2.292322874069214,
        2.336423873901367,
        2.38417649269104,
        2.454118490219116,
        2.5322928428649902,
        2.595041036605835,
        2.6174192428588867,
        2.6251466274261475,
        2.624382495880127,
        2.6245627403259277,
        2.6246421337127686,
        2.6244235038757324,
        2.6239891052246094,
        2.6233949661254883,
        2.622992992401123,
        2.557126522064209,
        2.4708728790283203,
        2.466085910797119,
        2.465691089630127,
        2.465322971343994,
        2.4335992336273193,
        2.4162662029266357,
        2.406998872756958
      ],