{
  "audit_input": {
    "video_path": "data/reweight_rollouts/humanoid_v3_shaping_seed0/iter_0/episode_1/video.mp4",
    "task_goal": "make the humanoid run forward while remaining upright and balanced",
    "available_components": [
      "forward_velocity",
      "energy_cost",
      "alive_bonus",
      "healthy_pose",
      "contact_force_penalty",
      "forward_displacement"
    ],
    "current_weights": {
      "forward_velocity": 10.0,
      "energy_cost": 0.1,
      "alive_bonus": 5.0,
      "healthy_pose": 0.0,
      "contact_force_penalty": 1.0,
      "forward_displacement": 0.0
    },
    "frame_descriptions": [
      "The agent stands upright with arms bent, hands near its chest, and both feet on the ground.",
      "It begins to bend its torso forward while keeping its legs mostly straight and arms bent.",
      "The agent's torso bends further forward, and its right leg starts to lift and bend at the knee.",
      "Its torso is sharply angled downwards, with the right leg bent and moving forward, while the left leg supports.",
      "The agent's torso straightens slightly, and the right leg extends forward, off the ground, as arms extend.",
      "It leans forward, bending its left leg, while the right leg is bent and lifted high behind the body.",
      "The agent is falling forward, with its torso nearly horizontal and both legs bent and off the ground.",
      "It is completely airborne and horizontal, with arms and legs extended, in a chaotic fall."
    ],
    "reward_log": [
      4.771372318267822,
      4.6341657638549805,
      4.619596481323242,
      4.4551777839660645,
      4.773808002471924,
      4.6511406898498535,
      4.795907974243164,
      4.766180992126465,
      4.6737871170043945,
      4.827425479888916,
      6.34389066696167,
      7.9704203605651855,
      8.678014755249023,
      9.273530006408691,
      9.539702415466309,
      9.73874282836914,
      10.270852088928223,
      10.801481246948242,
      11.193306922912598,
      11.376764297485352,
      10.908172607421875,
      11.394657135009766,
      12.453977584838867,
      12.19830322265625,
      12.4751615524292,
      12.67669677734375,
      13.022655487060547,
      12.952271461486816,
      13.030726432800293,
      13.001805305480957,
      13.071919441223145,
      13.640212059020996,
      14.0509614944458,
      13.426499366760254,
      13.782047271728516,
      14.329934120178223,
      14.322686195373535,
      14.318982124328613,
      14.300000190734863,
      14.423118591308594,
      14.175655364990234,
      13.739130020141602,
      13.924630165100098,
      14.254732131958008,
      14.810038566589355,
      15.094746589660645,
      14.804488182067871,
      14.509995460510254,
      14.325783729553223,
      14.328983306884766,
      14.676633834838867,
      15.123221397399902,
      16.341358184814453,
      18.283222198486328,
      18.929468154907227,
      18.911455154418945,
      19.29352569580078,
      19.411867141723633,
      19.969722747802734,
      20.160051345825195,
      19.915063858032227,
      20.049144744873047,
      20.148786544799805,
      20.488306045532227,
      20.36150360107422,
      20.40391731262207,
      20.236621856689453,
      20.35654067993164,
      20.22356605529785,
      20.431209564208984,
      20.336244583129883,
      20.45415687561035,
      20.39269256591797,
      20.434734344482422,
      20.270706176757812,
      20.353364944458008,
      20.367305755615234,
      20.40876007080078,
      20.40847396850586,
      20.292835235595703,
      20.207265853881836,
      20.172475814819336,
      20.197114944458008,
      20.267841339111328,
      20.186002731323242,
      20.234777450561523,
      20.872859954833984,
      21.911792755126953,
      22.451555252075195,
      22.507156372070312,
      22.609132766723633,
      22.404687881469727,
      22.294919967651367,
      22.21630096435547,
      22.139671325683594,
      22.192901611328125,
      22.377960205078125,
      22.23751449584961,
      22.30845832824707,
      22.284347534179688,
      22.397235870361328,
      17.314172744750977
    ],
    "component_log": {
      "forward_velocity": [
        0.014831128530204296,
        0.014735503122210503,
        0.014631574973464012,
        0.014764918945729733,
        0.014427698217332363,
        0.014086822047829628,
        0.01390792429447174,
        0.013675129972398281,
        0.013515548780560493,
        0.027757976204156876,
        0.17619654536247253,
        0.3332746624946594,
        0.40988048911094666,
        0.4552076458930969,
        0.4828092157840729,
        0.4883049726486206,
        0.5591257810592651,
        0.6105754971504211,
        0.643284261226654,
        0.6657522916793823,
        0.631415605545044,
        0.6806595325469971,
        0.7740226984024048,
        0.7713747024536133,
        0.7752223014831543,
        0.7881312966346741,
        0.8373332023620605,
        0.828461766242981,
        0.826501727104187,
        0.8297668695449829,
        0.8381170630455017,
        0.9099169373512268,
        0.9285264015197754,
        0.878846287727356,
        0.9030981659889221,
        0.9510962963104248,
        0.9618782997131348,
        0.961094856262207,
        0.9609150290489197,
        0.9607923626899719,
        0.945228099822998,
        0.9065611362457275,
        0.9166901111602783,
        0.9514559507369995,
        1.011229395866394,
        1.0310040712356567,
        0.9969732165336609,
        0.9696923494338989,
        0.9569793939590454,
        0.95854651927948,
        1.0030577182769775,
        1.04141366481781,
        1.1688189506530762,
        1.3559001684188843,
        1.4246636629104614,
        1.4240866899490356,
        1.458627700805664,
        1.499168872833252,
        1.5439573526382446,
        1.5520219802856445,
        1.5380651950836182,
        1.5450656414031982,
        1.5549384355545044,
        1.5752863883972168,
        1.5670830011367798,
        1.566733956336975,
        1.5655378103256226,
        1.5655229091644287,
        1.565221905708313,
        1.5651462078094482,
        1.5650981664657593,
        1.5650784969329834,
        1.5647090673446655,
        1.564529299736023,
        1.5642633438110352,
        1.5636903047561646,
        1.5633598566055298,
        1.5635089874267578,
        1.5638505220413208,
        1.561632513999939,
        1.5630403757095337,
        1.563359260559082,
        1.5630906820297241,
        1.5634351968765259,
        1.563054084777832,
        1.5567963123321533,
        1.614353060722351,
        1.7398656606674194,
        1.7995408773422241,
        1.7994163036346436,
        1.7954963445663452,
        1.7703356742858887,
        1.7595176696777344,
        1.759663701057434,
        1.7597007751464844,
        1.7596088647842407,
        1.7596805095672607,
        1.7597401142120361,
        1.759545087814331,
        1.759277582168579,
        1.7593650817871094,
        1.7592332363128662
      ],