{
  "M1": {
    "tp": 0,
    "fp": 0,
    "tn": 12,
    "fn": 48,
    "accuracy": 0.2,
    "precision": 0.0,
    "recall": 0.0,
    "f1": 0.0,
    "specificity": 1.0,
    "balanced_accuracy": 0.5
  },
  "M2": {
    "tp": 41,
    "fp": 8,
    "tn": 4,
    "fn": 7,
    "accuracy": 0.75,
    "precision": 0.8367346938775511,
    "recall": 0.8541666666666666,
    "f1": 0.845360824742268,
    "specificity": 0.3333333333333333,
    "balanced_accuracy": 0.59375
  },
  "M3": {
    "tp": 37,
    "fp": 10,
    "tn": 2,
    "fn": 11,
    "accuracy": 0.65,
    "precision": 0.7872340425531915,
    "recall": 0.7708333333333334,
    "f1": 0.7789473684210526,
    "specificity": 0.16666666666666666,
    "balanced_accuracy": 0.46875
  },
  "M4": {
    "tp": 34,
    "fp": 8,
    "tn": 4,
    "fn": 14,
    "accuracy": 0.6333333333333333,
    "precision": 0.8095238095238095,
    "recall": 0.7083333333333334,
    "f1": 0.7555555555555556,
    "specificity": 0.3333333333333333,
    "balanced_accuracy": 0.5208333333333334
  },
  "M5": {
    "tp": 46,
    "fp": 12,
    "tn": 0,
    "fn": 2,
    "accuracy": 0.7666666666666667,
    "precision": 0.7931034482758621,
    "recall": 0.9583333333333334,
    "f1": 0.8679245283018867,
    "specificity": 0.0,
    "balanced_accuracy": 0.4791666666666667
  },
  "M6": {
    "tp": 31,
    "fp": 5,
    "tn": 7,
    "fn": 17,
    "accuracy": 0.6333333333333333,
    "precision": 0.8611111111111112,
    "recall": 0.6458333333333334,
    "f1": 0.738095238095238,
    "specificity": 0.5833333333333334,
    "balanced_accuracy": 0.6145833333333334
  }
}